season,team,out_player,out_pos,metric,beneficiary,benef_pos,share_with,share_without,delta,n_with,n_without
2025,ARI,James Conner,RB,carries,Trey Benson,RB,0.2654,0.4706,0.2052,3,1
2025,ARI,James Conner,RB,carries,Emari Demercado,RB,0.0714,0.2071,0.1357,1,10
2025,ARI,James Conner,RB,carries,Jacoby Brissett,QB,0.0476,0.158,0.1103,1,11
2025,ARI,James Conner,RB,carries,Greg Dortch,WR,0.0357,0.0707,0.035,1,4
2025,ARI,James Conner,RB,targets,Michael Wilson,WR,0.0923,0.2143,0.122,3,14
2025,ARI,James Conner,RB,targets,Greg Dortch,WR,0.0444,0.0975,0.053,3,7
2025,ARI,James Conner,RB,targets,Zay Jones,WR,0.0614,0.0965,0.0352,2,4
2025,ARI,James Conner,RB,targets,Emari Demercado,RB,0.0294,0.0538,0.0244,1,9
2025,ARI,Zay Jones,WR,carries,Trey Benson,RB,0.2654,0.4706,0.2052,3,1
2025,ARI,Zay Jones,WR,carries,Kyler Murray,QB,0.2243,0.2941,0.0698,4,1
2025,ARI,Zay Jones,WR,carries,Bam Knight,RB,0.3729,0.4053,0.0324,5,5
2025,ARI,Zay Jones,WR,carries,Greg Dortch,WR,0.0532,0.0794,0.0262,3,2
2025,ARI,Zay Jones,WR,carries,Jacoby Brissett,QB,0.1344,0.159,0.0247,5,7
2025,ARI,Zay Jones,WR,targets,Michael Wilson,WR,0.1187,0.2586,0.1399,8,9
2025,ARI,Zay Jones,WR,targets,Greg Dortch,WR,0.056,0.12,0.064,6,4
2025,ARI,Zay Jones,WR,targets,Bam Knight,RB,0.072,0.0991,0.0271,5,4
2025,ARI,Zay Jones,WR,targets,Elijah Higgins,TE,0.067,0.0846,0.0176,8,7
2025,ARI,Zay Jones,WR,targets,Emari Demercado,RB,0.0446,0.0559,0.0113,4,6
2025,ARI,Kyler Murray,QB,carries,Bam Knight,RB,0.1379,0.417,0.2791,1,9
2025,ARI,Kyler Murray,QB,carries,Emari Demercado,RB,0.0975,0.2313,0.1338,3,8
2025,ARI,Kyler Murray,QB,carries,Jacoby Brissett,QB,0.0476,0.158,0.1103,1,11
2025,ARI,Kyler Murray,QB,carries,Greg Dortch,WR,0.0473,0.0747,0.0274,2,3
2025,ARI,Kyler Murray,QB,targets,Michael Wilson,WR,0.112,0.2264,0.1144,5,12
2025,ARI,Kyler Murray,QB,targets,Bam Knight,RB,0.0333,0.0904,0.0571,1,8
2025,ARI,Kyler Murray,QB,targets,Xavier Weaver,WR,0.025,0.0599,0.0349,1,5
2025,ARI,Kyler Murray,QB,targets,Greg Dortch,WR,0.065,0.0981,0.0331,5,5
2025,ARI,Kyler Murray,QB,targets,Zay Jones,WR,0.0742,0.0954,0.0212,3,3
2025,ARI,Bam Knight,RB,carries,Michael Carter,RB,0.2962,0.4945,0.1982,10,3
2025,ARI,Bam Knight,RB,carries,Corey Kiner,RB,0.0952,0.1793,0.084,1,3
2025,ARI,Bam Knight,RB,carries,Trey Benson,RB,0.3067,0.3267,0.02,2,2
2025,ARI,Bam Knight,RB,carries,Emari Demercado,RB,0.1909,0.2017,0.0108,7,4
2025,ARI,Bam Knight,RB,targets,James Conner,RB,0.04,0.1278,0.0878,1,2
2025,ARI,Bam Knight,RB,targets,Elijah Higgins,TE,0.0618,0.102,0.0402,10,5
2025,ARI,Bam Knight,RB,targets,Xavier Weaver,WR,0.0425,0.0773,0.0349,4,2
2025,ARI,Bam Knight,RB,targets,Josiah Deguara,TE,0.0222,0.053,0.0307,2,2
2025,ARI,Bam Knight,RB,targets,Tip Reiman,TE,0.0333,0.0614,0.028,1,2
2025,ARI,Emari Demercado,RB,carries,Bam Knight,RB,0.302,0.5197,0.2177,6,4
2025,ARI,Emari Demercado,RB,carries,Jacoby Brissett,QB,0.1222,0.202,0.0798,8,4
2025,ARI,Emari Demercado,RB,carries,Greg Dortch,WR,0.0546,0.1,0.0454,4,1
2025,ARI,Emari Demercado,RB,targets,Michael Wilson,WR,0.1754,0.2491,0.0737,13,4
2025,ARI,Emari Demercado,RB,targets,Andre Baccellia,WR,0.0175,0.0682,0.0506,1,1
2025,ARI,Emari Demercado,RB,targets,Bam Knight,RB,0.0625,0.1109,0.0484,5,4
2025,ARI,Emari Demercado,RB,targets,Greg Dortch,WR,0.0725,0.1028,0.0304,7,3
2025,ARI,Marvin Harrison Jr.,WR,carries,Jacoby Brissett,QB,0.1248,0.1824,0.0576,7,5
2025,ARI,Marvin Harrison Jr.,WR,carries,Greg Dortch,WR,0.0546,0.1,0.0454,4,1
2025,ARI,Marvin Harrison Jr.,WR,targets,Michael Wilson,WR,0.1398,0.3198,0.18,12,5
2025,ARI,Marvin Harrison Jr.,WR,targets,Greg Dortch,WR,0.0643,0.1505,0.0861,8,2
2025,ARI,Marvin Harrison Jr.,WR,targets,Bam Knight,RB,0.0735,0.1051,0.0315,6,3
2025,ARI,Trey Benson,RB,carries,Michael Carter,RB,0.0588,0.3656,0.3068,1,12
2025,ARI,Trey Benson,RB,carries,Emari Demercado,RB,0.0945,0.2171,0.1226,2,9
2025,ARI,Trey Benson,RB,carries,Jacoby Brissett,QB,0.0476,0.158,0.1103,1,11
2025,ARI,Trey Benson,RB,carries,Greg Dortch,WR,0.0473,0.0747,0.0274,2,3
2025,ARI,Trey Benson,RB,targets,Michael Wilson,WR,0.1067,0.2192,0.1125,4,13
2025,ARI,Trey Benson,RB,targets,Zay Jones,WR,0.0614,0.0965,0.0352,2,4
2025,ARI,Trey Benson,RB,targets,Xavier Weaver,WR,0.025,0.0599,0.0349,1,5
2025,ARI,Trey Benson,RB,targets,Greg Dortch,WR,0.0646,0.0929,0.0283,4,6
2025,ARI,Trey Benson,RB,targets,Emari Demercado,RB,0.0397,0.0543,0.0146,2,8
2025,ATL,Ray-Ray McCloud,WR,carries,Bijan Robinson,RB,0.5222,0.6565,0.1343,4,2
2025,ATL,Ray-Ray McCloud,WR,targets,Drake London,WR,0.2818,0.397,0.1151,4,2
2025,ATL,Ray-Ray McCloud,WR,targets,Bijan Robinson,RB,0.1859,0.2401,0.0543,4,2
2025,ATL,Ray-Ray McCloud,WR,targets,Kyle Pitts,TE,0.1918,0.2034,0.0116,4,2
2025,ATL,KhaDarel Hodge,WR,carries,Tyler Allgeier,RB,0.258,0.357,0.099,12,5
2025,ATL,KhaDarel Hodge,WR,targets,Bijan Robinson,RB,0.1752,0.2483,0.0732,12,5
2025,ATL,KhaDarel Hodge,WR,targets,Casey Washington,WR,0.0741,0.1154,0.0413,4,1
2025,ATL,KhaDarel Hodge,WR,targets,Deven Thompkins,WR,0.0357,0.0645,0.0288,1,1
2025,ATL,Darnell Mooney,WR,carries,Tyler Allgeier,RB,0.2792,0.3465,0.0672,15,2
2025,ATL,Darnell Mooney,WR,carries,Michael Penix Jr.,QB,0.0754,0.1087,0.0333,5,2
2025,ATL,Darnell Mooney,WR,targets,Drake London,WR,0.2718,0.4366,0.1648,10,2
2025,ATL,Darnell Mooney,WR,targets,Casey Washington,WR,0.0681,0.1037,0.0356,3,2
2025,ATL,Darnell Mooney,WR,targets,Ray-Ray McCloud,WR,0.098,0.119,0.021,3,1
2025,ATL,Darnell Mooney,WR,targets,Bijan Robinson,RB,0.1946,0.2124,0.0178,15,2
2025,ATL,Drake London,WR,carries,Bijan Robinson,RB,0.613,0.6697,0.0567,12,5
2025,ATL,Drake London,WR,targets,KhaDarel Hodge,WR,0.0291,0.2667,0.2375,2,1
2025,ATL,Drake London,WR,targets,Kyle Pitts,TE,0.1992,0.2935,0.0943,12,5
2025,ATL,Drake London,WR,targets,David Sills,WR,0.0641,0.1509,0.0868,7,5
2025,ATL,Drake London,WR,targets,Charlie Woerner,TE,0.03,0.0983,0.0682,4,2
2025,ATL,Drake London,WR,targets,Tyler Allgeier,RB,0.049,0.0632,0.0142,6,4
2025,ATL,Casey Washington,WR,carries,Nate Carter,RB,0.125,0.3043,0.1793,1,1
2025,ATL,Casey Washington,WR,carries,Bijan Robinson,RB,0.6069,0.6456,0.0387,7,10
2025,ATL,Casey Washington,WR,carries,Michael Penix Jr.,QB,0.0765,0.106,0.0295,5,2
2025,ATL,Casey Washington,WR,targets,Kyle Pitts,TE,0.1979,0.2473,0.0493,7,10
2025,ATL,Casey Washington,WR,targets,Bijan Robinson,RB,0.1698,0.2155,0.0457,7,10
2025,ATL,Casey Washington,WR,targets,David Sills,WR,0.0691,0.1106,0.0415,3,9
2025,ATL,Casey Washington,WR,targets,Charlie Woerner,TE,0.0331,0.0626,0.0295,2,4
2025,ATL,Casey Washington,WR,targets,Ray-Ray McCloud,WR,0.098,0.1086,0.0106,2,2
2025,ATL,Michael Penix Jr.,QB,carries,Tyler Allgeier,RB,0.2726,0.3035,0.031,9,8
2025,ATL,Michael Penix Jr.,QB,carries,Bijan Robinson,RB,0.62,0.6405,0.0205,9,8
2025,ATL,Michael Penix Jr.,QB,carries,Kirk Cousins,QB,0.0357,0.0513,0.0156,1,5
2025,ATL,Michael Penix Jr.,QB,targets,KhaDarel Hodge,WR,0.0291,0.2667,0.2375,2,1
2025,ATL,Michael Penix Jr.,QB,targets,Kyle Pitts,TE,0.1862,0.2728,0.0866,9,8
2025,ATL,Michael Penix Jr.,QB,targets,David Sills,WR,0.0464,0.1271,0.0807,4,8
2025,ATL,Michael Penix Jr.,QB,targets,Charlie Woerner,TE,0.0302,0.0753,0.0451,3,3
2025,ATL,Nate Carter,RB,carries,Tyler Allgeier,RB,0.2293,0.3522,0.1228,9,8
2025,ATL,Nate Carter,RB,carries,Michael Penix Jr.,QB,0.0742,0.093,0.0187,3,4
2025,ATL,Nate Carter,RB,targets,Dylan Drummond,WR,0.06,0.1643,0.1043,2,2
2025,ATL,Nate Carter,RB,targets,Drake London,WR,0.2644,0.3342,0.0697,6,6
2025,ATL,Nate Carter,RB,targets,Casey Washington,WR,0.0444,0.1076,0.0631,2,3
2025,ATL,Nate Carter,RB,targets,Charlie Woerner,TE,0.0343,0.0897,0.0554,4,2
2025,ATL,Nate Carter,RB,targets,Bijan Robinson,RB,0.1708,0.2258,0.0549,9,8
2025,BAL,Lamar Jackson,QB,carries,Tyler Huntley,QB,0.0312,0.1481,0.1168,1,3
2025,BAL,Lamar Jackson,QB,carries,Derrick Henry,RB,0.6013,0.6826,0.0813,13,4
2025,BAL,Lamar Jackson,QB,carries,Mark Andrews,TE,0.0508,0.0811,0.0303,5,1
2025,BAL,Lamar Jackson,QB,targets,Rasheen Ali,RB,0.0994,0.15,0.0506,4,1
2025,BAL,Lamar Jackson,QB,targets,Justice Hill,RB,0.1177,0.1438,0.026,6,2
2025,BAL,Lamar Jackson,QB,targets,Zaire Mitchell-Paden,TE,0.0357,0.05,0.0143,1,1
2025,BAL,Justice Hill,RB,carries,Keaton Mitchell,RB,0.1174,0.196,0.0786,5,7
2025,BAL,Justice Hill,RB,carries,Rasheen Ali,RB,0.0345,0.0846,0.0502,1,3
2025,BAL,Justice Hill,RB,targets,Keaton Mitchell,RB,0.0478,0.1008,0.053,3,4
2025,BAL,Justice Hill,RB,targets,Isaiah Likely,TE,0.1109,0.1539,0.043,6,5
2025,BAL,Justice Hill,RB,targets,Devontez Walker,WR,0.052,0.0922,0.0402,3,2
2025,BAL,Justice Hill,RB,targets,Mark Andrews,TE,0.156,0.1897,0.0337,10,7
2025,BAL,Justice Hill,RB,targets,DeAndre Hopkins,WR,0.0881,0.113,0.025,10,7
2025,BAL,Rashod Bateman,WR,carries,Derrick Henry,RB,0.6119,0.648,0.0361,13,4
2025,BAL,Rashod Bateman,WR,carries,Keaton Mitchell,RB,0.153,0.1837,0.0307,8,4
2025,BAL,Rashod Bateman,WR,targets,DeAndre Hopkins,WR,0.0893,0.1277,0.0384,13,4
2025,BAL,Rashod Bateman,WR,targets,Mark Andrews,TE,0.1624,0.1941,0.0317,13,4
2025,BAL,Rashod Bateman,WR,targets,Patrick Ricard,RB,0.0303,0.0588,0.0285,1,1
2025,BAL,Rashod Bateman,WR,targets,Devontez Walker,WR,0.0575,0.0838,0.0263,3,2
2025,BAL,Rashod Bateman,WR,targets,Zay Flowers,WR,0.2949,0.3174,0.0225,13,4
2025,BAL,Isaiah Likely,TE,carries,Lamar Jackson,QB,0.1599,0.2288,0.0689,10,3
2025,BAL,Isaiah Likely,TE,carries,Justice Hill,RB,0.0805,0.1178,0.0373,6,2
2025,BAL,Isaiah Likely,TE,carries,Zay Flowers,WR,0.0353,0.0623,0.027,6,2
2025,BAL,Isaiah Likely,TE,targets,Rashod Bateman,WR,0.0981,0.1983,0.1001,10,3
2025,BAL,Isaiah Likely,TE,targets,Charlie Kolar,TE,0.0486,0.1034,0.0548,10,1
2025,BAL,Isaiah Likely,TE,targets,Zay Flowers,WR,0.2928,0.3348,0.0421,14,3
2025,BAL,Keaton Mitchell,RB,carries,Lamar Jackson,QB,0.1384,0.2598,0.1214,9,4
2025,BAL,Keaton Mitchell,RB,carries,Justice Hill,RB,0.0613,0.1374,0.0761,5,3
2025,BAL,Keaton Mitchell,RB,carries,Zay Flowers,WR,0.0353,0.0623,0.027,6,2
2025,BAL,Keaton Mitchell,RB,targets,Rashod Bateman,WR,0.1016,0.1654,0.0637,9,4
2025,BAL,Keaton Mitchell,RB,targets,Charlie Kolar,TE,0.0486,0.1034,0.0548,10,1
2025,BAL,Keaton Mitchell,RB,targets,Justice Hill,RB,0.1109,0.1376,0.0267,4,4
2025,BAL,Keaton Mitchell,RB,targets,Zay Flowers,WR,0.2948,0.3178,0.023,13,4
2025,BAL,Keaton Mitchell,RB,targets,Tylan Wallace,WR,0.0452,0.0575,0.0124,3,3
2025,BAL,Rasheen Ali,RB,carries,Lamar Jackson,QB,0.1728,0.1924,0.0196,11,2
2025,BAL,Rasheen Ali,RB,targets,DeAndre Hopkins,WR,0.0923,0.144,0.0517,15,2
2025,BAL,Rasheen Ali,RB,targets,Derrick Henry,RB,0.0565,0.1017,0.0452,11,2
2025,BAL,Rasheen Ali,RB,targets,Charlie Kolar,TE,0.0521,0.069,0.0169,10,1
2025,BAL,Rasheen Ali,RB,targets,Isaiah Likely,TE,0.1274,0.144,0.0165,9,2
2025,BUF,Brandin Cooks,WR,carries,Ray Davis,RB,0.1063,0.5385,0.4322,3,1
2025,BUF,Brandin Cooks,WR,carries,Ty Johnson,RB,0.1002,0.3333,0.2331,5,1
2025,BUF,Brandin Cooks,WR,targets,Gabe Davis,WR,0.0684,0.2333,0.165,4,1
2025,BUF,Brandin Cooks,WR,targets,Keon Coleman,WR,0.0858,0.1667,0.0809,4,1
2025,BUF,Brandin Cooks,WR,targets,Ray Davis,RB,0.0576,0.1,0.0424,4,1
2025,BUF,Brandin Cooks,WR,targets,Josh Palmer,WR,0.0638,0.1,0.0362,3,1
2025,BUF,Ty Johnson,RB,carries,Josh Allen,QB,0.2008,0.3542,0.1534,16,2
2025,BUF,Ty Johnson,RB,carries,James Cook,RB,0.6052,0.6458,0.0406,17,2
2025,BUF,Ty Johnson,RB,targets,Khalil Shakir,WR,0.2128,0.2868,0.074,16,2
2025,BUF,Ty Johnson,RB,targets,Brandin Cooks,WR,0.0977,0.1484,0.0506,4,2
2025,BUF,Ty Johnson,RB,targets,Mecole Hardman,WR,0.0323,0.0513,0.019,1,1
2025,BUF,Ty Johnson,RB,targets,Curtis Samuel,WR,0.0639,0.0769,0.0131,5,1
2025,BUF,Gabe Davis,WR,carries,James Cook,RB,0.5794,0.6354,0.056,7,3
2025,BUF,Gabe Davis,WR,carries,Josh Allen,QB,0.2308,0.2513,0.0205,6,3
2025,BUF,Gabe Davis,WR,targets,Jackson Hawes,TE,0.0438,0.0748,0.031,4,2
2025,BUF,Gabe Davis,WR,targets,Tyrell Shavers,WR,0.0856,0.1111,0.0255,4,1
2025,BUF,Gabe Davis,WR,targets,Khalil Shakir,WR,0.2114,0.2336,0.0222,6,3
2025,BUF,Gabe Davis,WR,targets,Mecole Hardman,WR,0.0323,0.0513,0.019,1,1
2025,BUF,Josh Palmer,WR,carries,James Cook,RB,0.5868,0.6485,0.0617,12,7
2025,BUF,Josh Palmer,WR,carries,Ray Davis,RB,0.1501,0.1748,0.0247,7,3
2025,BUF,Josh Palmer,WR,carries,Mitchell Trubisky,QB,0.0256,0.0455,0.0198,1,1
2025,BUF,Josh Palmer,WR,targets,Khalil Shakir,WR,0.2045,0.247,0.0425,11,7
2025,BUF,Josh Palmer,WR,targets,Ty Johnson,RB,0.0767,0.1136,0.0369,9,4
2025,BUF,Josh Palmer,WR,targets,Dawson Knox,TE,0.1028,0.1224,0.0196,11,7
2025,BUF,Josh Palmer,WR,targets,Elijah Moore,WR,0.0685,0.088,0.0194,5,3
2025,BUF,Josh Palmer,WR,targets,Jackson Hawes,TE,0.0486,0.0679,0.0193,8,5
2025,BUF,Tyrell Shavers,WR,carries,Josh Allen,QB,0.211,0.3333,0.1223,17,1
2025,BUF,Tyrell Shavers,WR,carries,James Cook,RB,0.6063,0.6667,0.0603,18,1
2025,BUF,Tyrell Shavers,WR,targets,Brandin Cooks,WR,0.1067,0.1538,0.0471,5,1
2025,BUF,Tyrell Shavers,WR,targets,Mecole Hardman,WR,0.0323,0.0513,0.019,1,1
2025,BUF,Tyrell Shavers,WR,targets,Dawson Knox,TE,0.1094,0.1282,0.0188,17,1
2025,BUF,Tyrell Shavers,WR,targets,Curtis Samuel,WR,0.0639,0.0769,0.0131,5,1
2025,BUF,Tyrell Shavers,WR,targets,Khalil Shakir,WR,0.2205,0.2308,0.0103,17,1
2025,BUF,Dalton Kincaid,TE,carries,James Cook,RB,0.5847,0.6791,0.0945,14,5
2025,BUF,Dalton Kincaid,TE,targets,Tyrell Shavers,WR,0.057,0.1473,0.0902,8,3
2025,BUF,Dalton Kincaid,TE,targets,Ty Johnson,RB,0.0719,0.114,0.0422,8,5
2025,BUF,Dalton Kincaid,TE,targets,Curtis Samuel,WR,0.0599,0.0968,0.0369,5,1
2025,BUF,Dalton Kincaid,TE,targets,Keon Coleman,WR,0.1489,0.1806,0.0317,12,2
2025,BUF,Dalton Kincaid,TE,targets,Dawson Knox,TE,0.1053,0.1239,0.0187,13,5
2025,BUF,Keon Coleman,WR,carries,James Cook,RB,0.5952,0.6631,0.0679,15,4
2025,BUF,Keon Coleman,WR,targets,Tyrell Shavers,WR,0.0672,0.1202,0.053,8,3
2025,BUF,Keon Coleman,WR,targets,Curtis Samuel,WR,0.0599,0.0968,0.0369,5,1
2025,BUF,Keon Coleman,WR,targets,Jackson Hawes,TE,0.0504,0.0868,0.0364,11,2
2025,BUF,Keon Coleman,WR,targets,Elijah Moore,WR,0.0733,0.0938,0.0205,7,1
2025,BUF,Keon Coleman,WR,targets,Ray Davis,RB,0.0523,0.0703,0.018,8,2
2025,CAR,Hunter Renfrow,WR,carries,Rico Dowdle,RB,0.4569,0.556,0.0991,6,11
2025,CAR,Hunter Renfrow,WR,carries,Bryce Young,QB,0.0637,0.1433,0.0795,6,9
2025,CAR,Hunter Renfrow,WR,targets,Rico Dowdle,RB,0.0944,0.13,0.0356,6,10
2025,CAR,Hunter Renfrow,WR,targets,Mitchell Evans,TE,0.054,0.0786,0.0246,5,8
2025,CAR,Hunter Renfrow,WR,targets,Trevor Etienne,RB,0.028,0.05,0.022,2,1
2025,CAR,Chuba Hubbard,RB,carries,Rico Dowdle,RB,0.4684,0.8,0.3316,16,2
2025,CAR,Chuba Hubbard,RB,targets,Rico Dowdle,RB,0.1022,0.1931,0.0909,15,2
2025,CAR,Chuba Hubbard,RB,targets,Tommy Tremble,TE,0.0847,0.1323,0.0475,14,2
2025,CAR,Chuba Hubbard,RB,targets,Jimmy Horn Jr.,WR,0.0602,0.1032,0.043,8,2
2025,CAR,Chuba Hubbard,RB,targets,Tetairoa McMillan,WR,0.251,0.2672,0.0162,16,2
2025,CAR,Bryce Young,QB,carries,Chuba Hubbard,RB,0.3641,0.4286,0.0644,15,1
2025,CAR,Bryce Young,QB,carries,Trevor Etienne,RB,0.0996,0.1429,0.0433,6,1
2025,CAR,Bryce Young,QB,carries,Jimmy Horn Jr.,WR,0.0414,0.0714,0.0301,5,1
2025,CAR,Bryce Young,QB,targets,Tetairoa McMillan,WR,0.2421,0.4348,0.1927,17,1
2025,CAR,Bryce Young,QB,targets,Ja'Tavion Sanders,TE,0.0965,0.1304,0.0339,10,1
2025,CAR,Xavier Legette,WR,carries,Trevor Etienne,RB,0.0817,0.25,0.1683,6,1
2025,CAR,Xavier Legette,WR,carries,Chuba Hubbard,RB,0.3534,0.4717,0.1183,14,2
2025,CAR,Xavier Legette,WR,targets,Tommy Tremble,TE,0.0798,0.1667,0.0868,14,2
2025,CAR,Xavier Legette,WR,targets,Brycen Tremayne,WR,0.0528,0.1042,0.0513,7,2
2025,CAR,Xavier Legette,WR,targets,Tetairoa McMillan,WR,0.2479,0.2917,0.0438,16,2
2025,CAR,Xavier Legette,WR,targets,James Mitchell,TE,0.032,0.0625,0.0305,2,1
2025,CAR,Xavier Legette,WR,targets,Chuba Hubbard,RB,0.0861,0.1094,0.0232,14,2
2025,CAR,Ja'Tavion Sanders,TE,carries,Chuba Hubbard,RB,0.3484,0.4536,0.1052,13,3
2025,CAR,Ja'Tavion Sanders,TE,carries,Trevor Etienne,RB,0.0754,0.1286,0.0532,3,4
2025,CAR,Ja'Tavion Sanders,TE,carries,Rico Dowdle,RB,0.4921,0.5396,0.0475,13,5
2025,CAR,Ja'Tavion Sanders,TE,targets,Jalen Coker,WR,0.1511,0.2788,0.1277,10,2
2025,CAR,Ja'Tavion Sanders,TE,targets,Tommy Tremble,TE,0.0656,0.1458,0.0802,11,5
2025,CAR,Jalen Coker,WR,carries,Chuba Hubbard,RB,0.3109,0.54,0.2291,12,4
2025,CAR,Jalen Coker,WR,carries,Trevor Etienne,RB,0.0774,0.1271,0.0497,3,4
2025,CAR,Jalen Coker,WR,targets,Jimmy Horn Jr.,WR,0.0602,0.1032,0.043,8,2
2025,CAR,Jalen Coker,WR,targets,Chuba Hubbard,RB,0.0788,0.1198,0.0409,12,4
2025,CAR,Jalen Coker,WR,targets,Tommy Tremble,TE,0.0767,0.114,0.0373,10,6
2025,CAR,Jalen Coker,WR,targets,Brycen Tremayne,WR,0.0477,0.0849,0.0372,5,4
2025,CAR,Jalen Coker,WR,targets,James Mitchell,TE,0.027,0.0498,0.0227,1,2
2025,CHI,Olamide Zaccheaus,WR,carries,Caleb Williams,QB,0.1338,0.2273,0.0935,18,1
2025,CHI,Olamide Zaccheaus,WR,carries,Kyle Monangai,RB,0.3453,0.3636,0.0183,17,1
2025,CHI,Olamide Zaccheaus,WR,targets,Luther Burden III,WR,0.127,0.2308,0.1038,16,1
2025,CHI,Olamide Zaccheaus,WR,targets,Colston Loveland,TE,0.1755,0.2564,0.0809,17,1
2025,CHI,Olamide Zaccheaus,WR,targets,Kyle Monangai,RB,0.0682,0.1026,0.0344,15,1
2025,CHI,D'Andre Swift,RB,carries,Kyle Monangai,RB,0.3254,0.7027,0.3774,17,1
2025,CHI,D'Andre Swift,RB,targets,Olamide Zaccheaus,WR,0.129,0.2286,0.0996,15,1
2025,CHI,D'Andre Swift,RB,targets,Kyle Monangai,RB,0.0655,0.1429,0.0774,15,1
2025,CHI,D'Andre Swift,RB,targets,Colston Loveland,TE,0.1772,0.2286,0.0514,17,1
2025,CHI,D'Andre Swift,RB,targets,DJ Moore,WR,0.1607,0.1714,0.0107,18,1
2025,CHI,Cole Kmet,TE,carries,DJ Moore,WR,0.0504,0.087,0.0366,10,1
2025,CHI,Cole Kmet,TE,targets,Olamide Zaccheaus,WR,0.1309,0.2,0.0691,15,1
2025,CHI,Cole Kmet,TE,targets,Rome Odunze,WR,0.218,0.2857,0.0677,13,1
2025,CHI,Cole Kmet,TE,targets,Devin Duvernay,WR,0.0307,0.0857,0.055,2,1
2025,CHI,Cole Kmet,TE,targets,DJ Moore,WR,0.1591,0.2,0.0409,18,1
2025,CHI,Rome Odunze,WR,carries,Kyle Monangai,RB,0.3358,0.3832,0.0474,14,4
2025,CHI,Rome Odunze,WR,carries,Luther Burden III,WR,0.0314,0.0415,0.0101,6,2
2025,CHI,Rome Odunze,WR,targets,Colston Loveland,TE,0.1571,0.2602,0.1031,14,4
2025,CHI,Rome Odunze,WR,targets,Luther Burden III,WR,0.1203,0.1928,0.0725,14,3
2025,CHI,Rome Odunze,WR,targets,Kyle Monangai,RB,0.065,0.0863,0.0213,12,4
2025,CHI,Rome Odunze,WR,targets,Cole Kmet,TE,0.0889,0.1052,0.0163,14,4
2025,CHI,Colston Loveland,TE,carries,Caleb Williams,QB,0.1309,0.28,0.1491,18,1
2025,CHI,Colston Loveland,TE,carries,D'Andre Swift,RB,0.4825,0.56,0.0775,17,1
2025,CHI,Colston Loveland,TE,targets,Cole Kmet,TE,0.0836,0.2432,0.1596,17,1
2025,CHI,Colston Loveland,TE,targets,D'Andre Swift,RB,0.0854,0.1622,0.0767,16,1
2025,CHI,Colston Loveland,TE,targets,Olamide Zaccheaus,WR,0.1334,0.1622,0.0287,15,1
2025,CHI,Colston Loveland,TE,targets,Rome Odunze,WR,0.2212,0.2432,0.022,13,1
2025,CHI,Jahdae Walker,WR,targets,Luther Burden III,WR,0.1139,0.1465,0.0325,7,10
2025,CHI,Jahdae Walker,WR,targets,Durham Smythe,TE,0.0307,0.0517,0.021,2,4
2025,CHI,Jahdae Walker,WR,targets,DJ Moore,WR,0.1537,0.1681,0.0144,9,10
2025,CHI,Luther Burden III,WR,carries,Kyle Monangai,RB,0.3241,0.5244,0.2004,16,2
2025,CHI,Luther Burden III,WR,carries,D'Andre Swift,RB,0.4861,0.5,0.0139,17,1
2025,CHI,Luther Burden III,WR,targets,Kyle Monangai,RB,0.0603,0.1404,0.0801,14,2
2025,CHI,Luther Burden III,WR,targets,Olamide Zaccheaus,WR,0.1259,0.2005,0.0746,14,2
2025,CHI,Luther Burden III,WR,targets,DJ Moore,WR,0.156,0.2064,0.0504,17,2
2025,CHI,Luther Burden III,WR,targets,Colston Loveland,TE,0.1775,0.2005,0.023,16,2
2025,CIN,Samaje Perine,RB,carries,Chase Brown,RB,0.6127,0.8449,0.2322,15,2
2025,CIN,Samaje Perine,RB,targets,Mitchell Tinsley,WR,0.0698,0.1765,0.1067,7,1
2025,CIN,Samaje Perine,RB,targets,Mike Gesicki,TE,0.099,0.1765,0.0775,11,1
2025,CIN,Samaje Perine,RB,targets,Andrei Iosivas,WR,0.0934,0.1542,0.0609,13,2
2025,CIN,Samaje Perine,RB,targets,Chase Brown,RB,0.1416,0.1614,0.0197,15,2
2025,CIN,Mike Gesicki,TE,carries,Joe Flacco,QB,0.0386,0.0935,0.0549,3,2
2025,CIN,Mike Gesicki,TE,carries,Chase Brown,RB,0.6276,0.6803,0.0527,13,4
2025,CIN,Mike Gesicki,TE,carries,Andrei Iosivas,WR,0.0575,0.0714,0.014,2,1
2025,CIN,Mike Gesicki,TE,targets,Ja'Marr Chase,WR,0.2996,0.3793,0.0797,12,4
2025,CIN,Mike Gesicki,TE,targets,Chase Brown,RB,0.1352,0.1723,0.0371,13,4
2025,CIN,Mike Gesicki,TE,targets,Noah Fant,TE,0.0874,0.0997,0.0123,9,4
2025,CIN,Jake Browning,QB,carries,Samaje Perine,RB,0.2428,0.3181,0.0753,7,6
2025,CIN,Jake Browning,QB,carries,Tahj Brooks,RB,0.1105,0.1253,0.0148,4,2
2025,CIN,Jake Browning,QB,targets,Mitchell Tinsley,WR,0.0745,0.0975,0.0229,5,3
2025,CIN,Jake Browning,QB,targets,Tee Higgins,WR,0.1783,0.1962,0.0178,11,4
2025,CIN,Noah Fant,TE,carries,Tahj Brooks,RB,0.1077,0.1538,0.0461,5,1
2025,CIN,Noah Fant,TE,carries,Jake Browning,QB,0.1188,0.1429,0.024,3,1
2025,CIN,Noah Fant,TE,carries,Andrei Iosivas,WR,0.0575,0.0714,0.014,2,1
2025,CIN,Noah Fant,TE,targets,Ja'Marr Chase,WR,0.3139,0.3592,0.0454,14,2
2025,CIN,Noah Fant,TE,targets,Samaje Perine,RB,0.0527,0.0711,0.0184,9,2
2025,CIN,Noah Fant,TE,targets,Drew Sample,TE,0.0517,0.0645,0.0128,10,1
2025,CIN,Tee Higgins,WR,carries,Samaje Perine,RB,0.2456,0.4535,0.2079,11,2
2025,CIN,Tee Higgins,WR,targets,Ja'Marr Chase,WR,0.3107,0.3813,0.0706,14,2
2025,CIN,Tee Higgins,WR,targets,Mitchell Tinsley,WR,0.0675,0.1301,0.0626,6,2
2025,CIN,Tee Higgins,WR,targets,Chase Brown,RB,0.1396,0.1768,0.0372,15,2
2025,CIN,Tee Higgins,WR,targets,Tanner Hudson,TE,0.0566,0.0922,0.0355,8,2
2025,CIN,Ja'Marr Chase,WR,carries,Chase Brown,RB,0.6284,0.8261,0.1977,16,1
2025,CIN,Ja'Marr Chase,WR,targets,Andrei Iosivas,WR,0.094,0.2059,0.1119,14,1
2025,CIN,Ja'Marr Chase,WR,targets,Mitchell Tinsley,WR,0.0698,0.1765,0.1067,7,1
2025,CIN,Ja'Marr Chase,WR,targets,Mike Gesicki,TE,0.099,0.1765,0.0775,11,1
2025,CIN,Tahj Brooks,RB,carries,Samaje Perine,RB,0.2653,0.4242,0.1589,12,1
2025,CIN,Tahj Brooks,RB,carries,Joe Burrow,QB,0.0755,0.0909,0.0154,5,1
2025,CIN,Tahj Brooks,RB,targets,Mitchell Tinsley,WR,0.0658,0.2045,0.1388,7,1
2025,CIN,Tahj Brooks,RB,targets,Chase Brown,RB,0.143,0.1591,0.0161,16,1
2025,CLE,David Njoku,TE,carries,Dylan Sampson,RB,0.1467,0.3229,0.1762,12,3
2025,CLE,David Njoku,TE,carries,Raheim Sanders,RB,0.125,0.2988,0.1738,1,3
2025,CLE,David Njoku,TE,carries,Malachi Corley,WR,0.0456,0.1109,0.0653,6,2
2025,CLE,David Njoku,TE,carries,Shedeur Sanders,QB,0.1139,0.126,0.0121,3,4
2025,CLE,David Njoku,TE,targets,Quinshon Judkins,RB,0.0803,0.1756,0.0953,10,2
2025,CLE,David Njoku,TE,targets,Jamari Thrash,WR,0.0498,0.1111,0.0613,7,1
2025,CLE,David Njoku,TE,targets,Harold Fannin Jr.,TE,0.2059,0.2596,0.0537,12,4
2025,CLE,David Njoku,TE,targets,Malachi Corley,WR,0.0556,0.086,0.0304,3,5
2025,CLE,David Njoku,TE,targets,Jerome Ford,RB,0.0828,0.1111,0.0283,10,1
2025,CLE,Jerome Ford,RB,carries,Dylan Sampson,RB,0.1426,0.4375,0.2949,13,2
2025,CLE,Jerome Ford,RB,carries,Raheim Sanders,RB,0.125,0.2988,0.1738,1,3
2025,CLE,Jerome Ford,RB,carries,Malachi Corley,WR,0.0456,0.1109,0.0653,6,2
2025,CLE,Jerome Ford,RB,carries,Shedeur Sanders,QB,0.1139,0.126,0.0121,3,4
2025,CLE,Jerome Ford,RB,targets,Quinshon Judkins,RB,0.0803,0.1756,0.0953,10,2
2025,CLE,Jerome Ford,RB,targets,Dylan Sampson,RB,0.0926,0.1366,0.044,11,2
2025,CLE,Jerome Ford,RB,targets,Harold Fannin Jr.,TE,0.2115,0.2536,0.0421,13,3
2025,CLE,Jerome Ford,RB,targets,Jerry Jeudy,WR,0.2014,0.2168,0.0154,13,4
2025,CLE,Jerome Ford,RB,targets,Blake Whiteheart,TE,0.0326,0.0455,0.013,4,2
2025,CLE,Cedric Tillman,WR,carries,Quinshon Judkins,RB,0.6617,0.6921,0.0304,10,4
2025,CLE,Cedric Tillman,WR,carries,Harold Fannin Jr.,TE,0.0408,0.0625,0.0217,6,1
2025,CLE,Cedric Tillman,WR,targets,David Njoku,TE,0.1025,0.182,0.0795,8,3
2025,CLE,Cedric Tillman,WR,targets,Isaiah Bond,WR,0.0865,0.1448,0.0583,11,3
2025,CLE,Cedric Tillman,WR,targets,Malachi Corley,WR,0.0694,0.1111,0.0417,7,1
2025,CLE,Cedric Tillman,WR,targets,Jamari Thrash,WR,0.0426,0.0724,0.0298,4,4
2025,CLE,Dylan Sampson,RB,carries,Raheim Sanders,RB,0.2222,0.3548,0.1326,3,1
2025,CLE,Dylan Sampson,RB,carries,Malachi Corley,WR,0.0569,0.0968,0.0398,7,1
2025,CLE,Dylan Sampson,RB,carries,Trayveon Williams,RB,0.0625,0.0796,0.0171,2,2
2025,CLE,Dylan Sampson,RB,targets,Harold Fannin Jr.,TE,0.2026,0.3369,0.1343,14,2
2025,CLE,Dylan Sampson,RB,targets,Quinshon Judkins,RB,0.0803,0.1756,0.0953,10,2
2025,CLE,Dylan Sampson,RB,targets,Isaiah Bond,WR,0.0967,0.129,0.0323,13,1
2025,CLE,Dylan Sampson,RB,targets,Malachi Corley,WR,0.0694,0.0902,0.0208,6,2
2025,CLE,Dylan Sampson,RB,targets,Trayveon Williams,RB,0.0952,0.1063,0.0111,1,2
2025,CLE,Raheim Sanders,RB,carries,Quinshon Judkins,RB,0.586,0.6934,0.1074,3,11
2025,CLE,Raheim Sanders,RB,carries,Shedeur Sanders,QB,0.1071,0.1552,0.0482,5,2
2025,CLE,Raheim Sanders,RB,targets,Cedric Tillman,WR,0.0819,0.1213,0.0394,5,7
2025,CLE,Raheim Sanders,RB,targets,Jamari Thrash,WR,0.0238,0.0623,0.0385,1,7
2025,CLE,Raheim Sanders,RB,targets,Isaiah Bond,WR,0.0757,0.112,0.0363,5,9
2025,CLE,Raheim Sanders,RB,targets,David Njoku,TE,0.1149,0.1263,0.0114,2,9
2025,CLE,Raheim Sanders,RB,targets,Jerome Ford,RB,0.0771,0.0872,0.0101,2,9
2025,CLE,Harold Fannin Jr.,TE,carries,Dylan Sampson,RB,0.1652,0.4167,0.2515,14,1
2025,CLE,Harold Fannin Jr.,TE,carries,Malachi Corley,WR,0.0529,0.125,0.0721,7,1
2025,CLE,Harold Fannin Jr.,TE,targets,Jerry Jeudy,WR,0.2,0.2857,0.0858,16,1
2025,CLE,Harold Fannin Jr.,TE,targets,Dylan Sampson,RB,0.0957,0.1429,0.0471,12,1
2025,CLE,Harold Fannin Jr.,TE,targets,Malachi Corley,WR,0.0717,0.0952,0.0236,7,1
2025,CLE,Harold Fannin Jr.,TE,targets,Blake Whiteheart,TE,0.0347,0.0476,0.0129,5,1
2025,CLE,Shedeur Sanders,QB,carries,Jerome Ford,RB,0.0517,0.1794,0.1276,5,4
2025,CLE,Shedeur Sanders,QB,carries,Quinshon Judkins,RB,0.655,0.6982,0.0432,9,5
2025,CLE,Shedeur Sanders,QB,targets,David Njoku,TE,0.0745,0.1656,0.091,5,6
2025,CLE,Shedeur Sanders,QB,targets,Isaiah Bond,WR,0.0819,0.1218,0.04,8,6
2025,CLE,Shedeur Sanders,QB,targets,Cedric Tillman,WR,0.0935,0.1277,0.0343,8,4
2025,CLE,Shedeur Sanders,QB,targets,Dylan Sampson,RB,0.095,0.1064,0.0114,8,5
2025,CLE,Dillon Gabriel,QB,carries,Dylan Sampson,RB,0.1539,0.3638,0.2098,13,2
2025,CLE,Dillon Gabriel,QB,carries,Raheim Sanders,RB,0.2294,0.3333,0.1039,3,1
2025,CLE,Dillon Gabriel,QB,carries,Trayveon Williams,RB,0.067,0.0833,0.0164,3,1
2025,CLE,Dillon Gabriel,QB,targets,Sal Cannella,TE,0.0476,0.1739,0.1263,1,1
2025,CLE,Dillon Gabriel,QB,targets,Dylan Sampson,RB,0.0904,0.1486,0.0581,11,2
2025,CLE,Dillon Gabriel,QB,targets,Raheim Sanders,RB,0.0423,0.087,0.0446,2,1
2025,CLE,Dillon Gabriel,QB,targets,Jerry Jeudy,WR,0.2009,0.2355,0.0346,15,2
2025,CLE,Isaiah Bond,WR,carries,Dillon Gabriel,QB,0.0747,0.1562,0.0816,4,1
2025,CLE,Isaiah Bond,WR,carries,Quinshon Judkins,RB,0.6691,0.6875,0.0184,13,1
2025,CLE,Isaiah Bond,WR,targets,Jerry Jeudy,WR,0.1944,0.375,0.1806,16,1
2025,CLE,Isaiah Bond,WR,targets,Cedric Tillman,WR,0.1031,0.125,0.0219,11,1
2025,CLE,Quinshon Judkins,RB,carries,Dylan Sampson,RB,0.1128,0.4375,0.3247,12,2
2025,CLE,Quinshon Judkins,RB,carries,Malachi Corley,WR,0.0529,0.125,0.0721,7,1
2025,CLE,Quinshon Judkins,RB,targets,Jerry Jeudy,WR,0.1932,0.295,0.1019,14,2
2025,CLE,Quinshon Judkins,RB,targets,Dylan Sampson,RB,0.0828,0.1366,0.0538,10,2
2025,CLE,Quinshon Judkins,RB,targets,Raheim Sanders,RB,0.037,0.0673,0.0303,1,2
2025,CLE,Quinshon Judkins,RB,targets,Blake Whiteheart,TE,0.0326,0.0455,0.013,4,2
2025,DAL,Miles Sanders,RB,carries,Dak Prescott,QB,0.0637,0.1066,0.0429,3,11
2025,DAL,Miles Sanders,RB,carries,Hunter Luepke,RB,0.0385,0.074,0.0356,1,6
2025,DAL,Miles Sanders,RB,carries,Ryan Flournoy,WR,0.0385,0.0662,0.0278,1,2
2025,DAL,Miles Sanders,RB,targets,Ryan Flournoy,WR,0.0596,0.1391,0.0794,2,11
2025,DAL,Miles Sanders,RB,targets,George Pickens,WR,0.1959,0.2348,0.0389,4,13
2025,DAL,Miles Sanders,RB,targets,Hunter Luepke,RB,0.0263,0.049,0.0227,1,9
2025,DAL,Miles Sanders,RB,targets,Brevyn Spann-Ford,TE,0.0248,0.0441,0.0194,2,8
2025,DAL,Miles Sanders,RB,targets,Luke Schoonmaker,TE,0.0359,0.0496,0.0137,4,10
2025,DAL,CeeDee Lamb,WR,carries,Javonte Williams,RB,0.5976,0.7023,0.1046,13,3
2025,DAL,CeeDee Lamb,WR,targets,Ryan Flournoy,WR,0.1099,0.1835,0.0736,10,3
2025,DAL,CeeDee Lamb,WR,targets,Javonte Williams,RB,0.082,0.1286,0.0466,12,3
2025,DAL,CeeDee Lamb,WR,targets,Jake Ferguson,TE,0.1581,0.198,0.0398,14,3
2025,DAL,CeeDee Lamb,WR,targets,KaVontae Turpin,WR,0.0665,0.1053,0.0388,14,1
2025,DAL,CeeDee Lamb,WR,targets,George Pickens,WR,0.22,0.252,0.0319,14,3
2025,DAL,Javonte Williams,RB,carries,Jaydon Blue,RB,0.205,0.5517,0.3467,4,1
2025,DAL,Javonte Williams,RB,carries,Joe Milton III,QB,0.0435,0.1379,0.0945,1,1
2025,DAL,Javonte Williams,RB,targets,Ryan Flournoy,WR,0.1121,0.3043,0.1923,12,1
2025,DAL,Javonte Williams,RB,targets,Brevyn Spann-Ford,TE,0.0303,0.1304,0.1002,9,1
2025,DAL,Javonte Williams,RB,targets,Jonathan Mingo,WR,0.0271,0.0435,0.0164,4,1
2025,DAL,Malik Davis,RB,carries,Jaydon Blue,RB,0.2497,0.5517,0.302,2,1
2025,DAL,Malik Davis,RB,carries,Joe Milton III,QB,0.0435,0.1379,0.0945,1,1
2025,DAL,Malik Davis,RB,targets,Ryan Flournoy,WR,0.091,0.3043,0.2134,8,1
2025,DAL,Malik Davis,RB,targets,Brevyn Spann-Ford,TE,0.0322,0.1304,0.0982,6,1
2025,DAL,Malik Davis,RB,targets,Jonathan Mingo,WR,0.0271,0.0435,0.0164,4,1
2025,DAL,Jalen Tolbert,WR,carries,Malik Davis,RB,0.1691,0.213,0.044,5,4
2025,DAL,Jalen Tolbert,WR,targets,Malik Davis,RB,0.0556,0.0857,0.0302,1,1
2025,DAL,Ryan Flournoy,WR,carries,Malik Davis,RB,0.1554,0.4545,0.2992,8,1
2025,DAL,Ryan Flournoy,WR,carries,Hunter Luepke,RB,0.0539,0.1591,0.1051,6,1
2025,DAL,Ryan Flournoy,WR,targets,Jalen Tolbert,WR,0.0715,0.2222,0.1508,10,1
2025,DAL,Ryan Flournoy,WR,targets,CeeDee Lamb,WR,0.248,0.2778,0.0298,12,1
2025,DAL,Ryan Flournoy,WR,targets,Brevyn Spann-Ford,TE,0.0386,0.0556,0.017,9,1
2025,DAL,Ryan Flournoy,WR,targets,Luke Schoonmaker,TE,0.0449,0.0556,0.0107,13,1
2025,DAL,Jaydon Blue,RB,carries,Malik Davis,RB,0.0645,0.2041,0.1396,1,8
2025,DAL,Jaydon Blue,RB,carries,KaVontae Turpin,WR,0.0345,0.0661,0.0316,1,10
2025,DAL,Jaydon Blue,RB,carries,Hunter Luepke,RB,0.0506,0.0763,0.0257,2,5
2025,DAL,Jaydon Blue,RB,carries,Javonte Williams,RB,0.603,0.622,0.019,4,12
2025,DAL,Jaydon Blue,RB,targets,Jalen Tolbert,WR,0.0465,0.1174,0.0709,5,6
2025,DAL,Jaydon Blue,RB,targets,CeeDee Lamb,WR,0.1986,0.2658,0.0671,3,10
2025,DAL,Jaydon Blue,RB,targets,George Pickens,WR,0.2108,0.2318,0.0211,5,12
2025,DAL,Jaydon Blue,RB,targets,Jake Ferguson,TE,0.1517,0.1708,0.0191,5,12
2025,DEN,Evan Engram,TE,carries,Bo Nix,QB,0.1727,0.35,0.1773,16,1
2025,DEN,Evan Engram,TE,targets,Courtland Sutton,WR,0.2013,0.3478,0.1465,18,1
2025,DEN,Evan Engram,TE,targets,Marvin Mims Jr.,WR,0.1146,0.1739,0.0593,15,1
2025,DEN,Evan Engram,TE,targets,J.K. Dobbins,RB,0.0407,0.087,0.0462,9,1
2025,DEN,Evan Engram,TE,targets,Lucas Krull,TE,0.0541,0.087,0.0329,1,1
2025,DEN,Evan Engram,TE,targets,RJ Harvey,RB,0.1089,0.1304,0.0215,18,1
2025,DEN,J.K. Dobbins,RB,carries,RJ Harvey,RB,0.1827,0.5058,0.3232,10,9
2025,DEN,J.K. Dobbins,RB,carries,Jaleel McLaughlin,RB,0.0417,0.2056,0.1639,1,9
2025,DEN,J.K. Dobbins,RB,carries,Bo Nix,QB,0.1625,0.2063,0.0439,9,8
2025,DEN,J.K. Dobbins,RB,carries,Tyler Badie,RB,0.0401,0.0799,0.0398,2,3
2025,DEN,J.K. Dobbins,RB,carries,Adam Prentice,RB,0.037,0.0495,0.0125,4,5
2025,DEN,J.K. Dobbins,RB,targets,Pat Bryant,WR,0.0831,0.1343,0.0512,7,7
2025,DEN,J.K. Dobbins,RB,targets,RJ Harvey,RB,0.0907,0.1316,0.0409,10,9
2025,DEN,J.K. Dobbins,RB,targets,Courtland Sutton,WR,0.2002,0.2188,0.0186,10,9
2025,DEN,J.K. Dobbins,RB,targets,Michael Bandy,WR,0.0286,0.0427,0.0141,1,2
2025,DEN,J.K. Dobbins,RB,targets,Adam Prentice,RB,0.0279,0.0395,0.0117,3,4
2025,DEN,Jaleel McLaughlin,RB,carries,Troy Franklin,WR,0.0375,0.0643,0.0268,2,2
2025,DEN,Jaleel McLaughlin,RB,carries,J.K. Dobbins,RB,0.5833,0.5982,0.0149,1,9
2025,DEN,Jaleel McLaughlin,RB,carries,Marvin Mims Jr.,WR,0.0433,0.055,0.0118,6,4
2025,DEN,Jaleel McLaughlin,RB,targets,Troy Franklin,WR,0.1256,0.2375,0.1119,8,9
2025,DEN,Jaleel McLaughlin,RB,targets,Tyler Badie,RB,0.0576,0.0704,0.0128,7,7
2025,DEN,Jaleel McLaughlin,RB,targets,Evan Engram,TE,0.128,0.1387,0.0108,10,8
2025,DEN,Marvin Mims Jr.,WR,carries,J.K. Dobbins,RB,0.5744,0.6861,0.1117,8,2
2025,DEN,Marvin Mims Jr.,WR,carries,Troy Franklin,WR,0.0389,0.087,0.0481,3,1
2025,DEN,Marvin Mims Jr.,WR,targets,Troy Franklin,WR,0.1663,0.3238,0.1575,15,2
2025,DEN,Marvin Mims Jr.,WR,targets,RJ Harvey,RB,0.1081,0.127,0.0189,17,2
2025,DEN,Bo Nix,QB,carries,RJ Harvey,RB,0.3243,0.5417,0.2174,18,1
2025,DEN,Bo Nix,QB,targets,RJ Harvey,RB,0.1038,0.2222,0.1184,18,1
2025,DEN,Bo Nix,QB,targets,Marvin Mims Jr.,WR,0.1114,0.2222,0.1108,15,1
2025,DEN,Bo Nix,QB,targets,Jaleel McLaughlin,RB,0.038,0.0741,0.0361,6,1
2025,DEN,Bo Nix,QB,targets,Lil'Jordan Humphrey,WR,0.0882,0.1111,0.0229,6,1
2025,DEN,Troy Franklin,WR,carries,RJ Harvey,RB,0.3243,0.5417,0.2174,18,1
2025,DEN,Troy Franklin,WR,targets,RJ Harvey,RB,0.1038,0.2222,0.1184,18,1
2025,DEN,Troy Franklin,WR,targets,Marvin Mims Jr.,WR,0.1114,0.2222,0.1108,15,1
2025,DEN,Troy Franklin,WR,targets,Jaleel McLaughlin,RB,0.038,0.0741,0.0361,6,1
2025,DEN,Troy Franklin,WR,targets,Lil'Jordan Humphrey,WR,0.0882,0.1111,0.0229,6,1
2025,DEN,Pat Bryant,WR,carries,RJ Harvey,RB,0.3095,0.5591,0.2497,17,2
2025,DEN,Pat Bryant,WR,carries,Bo Nix,QB,0.1792,0.2124,0.0332,15,2
2025,DEN,Pat Bryant,WR,targets,Courtland Sutton,WR,0.1994,0.2914,0.092,17,2
2025,DEN,Pat Bryant,WR,targets,Lil'Jordan Humphrey,WR,0.076,0.1301,0.054,5,2
2025,DEN,Pat Bryant,WR,targets,Marvin Mims Jr.,WR,0.1141,0.1478,0.0337,14,2
2025,DEN,Pat Bryant,WR,targets,Michael Bandy,WR,0.0286,0.0427,0.0141,1,2
2025,DET,Tom Kennedy,WR,targets,Jahmyr Gibbs,RB,0.1751,0.2222,0.0471,6,1
2025,DET,Tom Kennedy,WR,targets,Amon-Ra St. Brown,WR,0.3065,0.3333,0.0268,6,1
2025,DET,Craig Reynolds,RB,carries,Jahmyr Gibbs,RB,0.4994,0.5986,0.0992,7,4
2025,DET,Craig Reynolds,RB,carries,Jared Goff,QB,0.0464,0.0811,0.0346,3,1
2025,DET,Craig Reynolds,RB,carries,Jameson Williams,WR,0.039,0.05,0.011,3,1
2025,DET,Craig Reynolds,RB,targets,Jahmyr Gibbs,RB,0.1205,0.213,0.0925,7,4
2025,DET,Craig Reynolds,RB,targets,Amon-Ra St. Brown,WR,0.3142,0.3361,0.0218,7,4
2025,DET,Craig Reynolds,RB,targets,Brock Wright,TE,0.094,0.1092,0.0152,4,3
2025,DET,Shane Zylstra,TE,carries,Jahmyr Gibbs,RB,0.5642,0.5753,0.0111,6,11
2025,DET,Shane Zylstra,TE,targets,Jameson Williams,WR,0.1727,0.1936,0.0208,6,11
2025,DET,Shane Zylstra,TE,targets,Kalif Raymond,WR,0.0649,0.0849,0.02,6,6
2025,DET,Brock Wright,TE,carries,Jahmyr Gibbs,RB,0.5355,0.6372,0.1017,11,6
2025,DET,Brock Wright,TE,carries,Jared Goff,QB,0.0551,0.0667,0.0116,4,2
2025,DET,Brock Wright,TE,targets,Jameson Williams,WR,0.1584,0.2371,0.0787,11,6
2025,DET,Brock Wright,TE,targets,Isaac TeSlaa,WR,0.0379,0.0829,0.045,8,6
2025,DET,Brock Wright,TE,targets,Ross Dwelley,TE,0.0312,0.0717,0.0404,1,2
2025,DET,Brock Wright,TE,targets,Jahmyr Gibbs,RB,0.1541,0.1751,0.0209,11,6
2025,DET,Sam LaPorta,TE,carries,Jahmyr Gibbs,RB,0.5045,0.6467,0.1421,9,8
2025,DET,Sam LaPorta,TE,carries,Jared Goff,QB,0.0551,0.0667,0.0116,4,2
2025,DET,Sam LaPorta,TE,targets,Jahmyr Gibbs,RB,0.1286,0.1986,0.0699,9,8
2025,DET,Sam LaPorta,TE,targets,Brock Wright,TE,0.0807,0.1499,0.0691,5,2
2025,DET,Sam LaPorta,TE,targets,Jameson Williams,WR,0.1633,0.212,0.0487,9,8
2025,DET,Sam LaPorta,TE,targets,Ross Dwelley,TE,0.0312,0.0717,0.0404,1,2
2025,DET,Sam LaPorta,TE,targets,Isaac TeSlaa,WR,0.0416,0.0689,0.0274,6,8
2025,GB,Josh Jacobs,RB,carries,Emanuel Wilson,RB,0.1981,0.6147,0.4166,15,2
2025,GB,Josh Jacobs,RB,carries,Chris Brooks,RB,0.0473,0.2912,0.2439,6,2
2025,GB,Josh Jacobs,RB,carries,Clayton Tune,QB,0.0625,0.0882,0.0257,1,1
2025,GB,Josh Jacobs,RB,targets,Matthew Golden,WR,0.1114,0.3,0.1886,14,1
2025,GB,Josh Jacobs,RB,targets,Christian Watson,WR,0.1871,0.3333,0.1463,10,1
2025,GB,Josh Jacobs,RB,targets,Dontayvion Wicks,WR,0.1227,0.1905,0.0678,12,1
2025,GB,Josh Jacobs,RB,targets,Emanuel Wilson,RB,0.0591,0.0976,0.0385,8,2
2025,GB,Josh Jacobs,RB,targets,Josh Whyle,TE,0.0365,0.0738,0.0373,5,2
2025,GB,Jordan Love,QB,carries,Malik Willis,QB,0.0863,0.5,0.4137,3,1
2025,GB,Jordan Love,QB,targets,Christian Watson,WR,0.1964,0.24,0.0436,10,1
2025,GB,Jordan Love,QB,targets,Bo Melton,WR,0.0801,0.12,0.0399,5,1
2025,GB,Jordan Love,QB,targets,Chris Brooks,RB,0.0556,0.08,0.0244,10,1
2025,GB,Christian Watson,WR,carries,Josh Jacobs,RB,0.5674,0.6578,0.0905,10,6
2025,GB,Christian Watson,WR,carries,Matthew Golden,WR,0.0476,0.0658,0.0182,1,4
2025,GB,Christian Watson,WR,carries,Jordan Love,QB,0.0847,0.1003,0.0156,8,6
2025,GB,Christian Watson,WR,carries,Savion Williams,WR,0.0382,0.0497,0.0115,4,4
2025,GB,Christian Watson,WR,targets,Jayden Reed,WR,0.162,0.2273,0.0653,5,1
2025,GB,Christian Watson,WR,targets,Josh Jacobs,RB,0.0854,0.1489,0.0636,10,5
2025,GB,Christian Watson,WR,targets,Romeo Doubs,WR,0.1836,0.2168,0.0332,11,6
2025,GB,Christian Watson,WR,targets,Tucker Kraft,TE,0.1679,0.1957,0.0278,2,6
2025,GB,Christian Watson,WR,targets,Matthew Golden,WR,0.1147,0.1378,0.0231,9,6
2025,GB,Malik Willis,QB,carries,Chris Brooks,RB,0.0691,0.3824,0.3133,7,1
2025,GB,Malik Willis,QB,carries,Emanuel Wilson,RB,0.2294,0.5294,0.3,16,1
2025,GB,Malik Willis,QB,carries,Clayton Tune,QB,0.0625,0.0882,0.0257,1,1
2025,GB,Malik Willis,QB,targets,Matthew Golden,WR,0.1114,0.3,0.1886,14,1
2025,GB,Malik Willis,QB,targets,Josh Whyle,TE,0.0384,0.1,0.0616,6,1
2025,GB,Malik Willis,QB,targets,Emanuel Wilson,RB,0.0631,0.1,0.0369,9,1
2025,GB,Malik Willis,QB,targets,Bo Melton,WR,0.0841,0.1,0.0159,5,1
2025,GB,Dontayvion Wicks,WR,carries,Chris Brooks,RB,0.0734,0.2129,0.1395,6,2
2025,GB,Dontayvion Wicks,WR,carries,Josh Jacobs,RB,0.5842,0.6754,0.0912,13,3
2025,GB,Dontayvion Wicks,WR,carries,Emanuel Wilson,RB,0.2267,0.3132,0.0865,13,4
2025,GB,Dontayvion Wicks,WR,carries,Clayton Tune,QB,0.0625,0.0882,0.0257,1,1
2025,GB,Dontayvion Wicks,WR,targets,Romeo Doubs,WR,0.1822,0.2565,0.0743,14,3
2025,GB,Dontayvion Wicks,WR,targets,Matthew Golden,WR,0.1144,0.1502,0.0358,11,4
2025,GB,Dontayvion Wicks,WR,targets,Emanuel Wilson,RB,0.0571,0.0894,0.0323,7,3
2025,GB,Dontayvion Wicks,WR,targets,Malik Heath,WR,0.0331,0.056,0.0229,3,2
2025,GB,Dontayvion Wicks,WR,targets,Josh Whyle,TE,0.0408,0.0632,0.0223,5,2
2025,GB,Tucker Kraft,TE,carries,Chris Brooks,RB,0.0365,0.1322,0.0957,2,6
2025,GB,Tucker Kraft,TE,carries,Emanuel Wilson,RB,0.2176,0.2677,0.0501,7,10
2025,GB,Tucker Kraft,TE,carries,Bo Melton,WR,0.0312,0.0559,0.0246,1,3
2025,GB,Tucker Kraft,TE,targets,Christian Watson,WR,0.1127,0.2199,0.1072,2,9
2025,GB,Tucker Kraft,TE,targets,Luke Musgrave,TE,0.0563,0.102,0.0457,6,8
2025,GB,Tucker Kraft,TE,targets,John FitzPatrick,TE,0.0472,0.06,0.0128,4,6
2025,GB,Tucker Kraft,TE,targets,Dontayvion Wicks,WR,0.1221,0.1329,0.0108,6,7
2025,GB,Jayden Reed,WR,carries,Emanuel Wilson,RB,0.1936,0.2845,0.0909,7,10
2025,GB,Jayden Reed,WR,carries,Jordan Love,QB,0.072,0.1021,0.0301,5,9
2025,GB,Jayden Reed,WR,targets,Josh Jacobs,RB,0.0697,0.1311,0.0614,6,9
2025,GB,Jayden Reed,WR,targets,Dontayvion Wicks,WR,0.0984,0.1463,0.0479,5,8
2025,GB,Jayden Reed,WR,targets,Romeo Doubs,WR,0.171,0.2124,0.0414,7,10
2025,GB,Jayden Reed,WR,targets,Matthew Golden,WR,0.1141,0.1352,0.0211,8,7
2025,GB,Matthew Golden,WR,carries,Josh Jacobs,RB,0.5866,0.7037,0.1171,14,2
2025,GB,Matthew Golden,WR,carries,Chris Brooks,RB,0.0951,0.2,0.1049,7,1
2025,GB,Matthew Golden,WR,carries,Emanuel Wilson,RB,0.2368,0.2951,0.0582,14,3
2025,GB,Matthew Golden,WR,carries,Bo Melton,WR,0.0416,0.0741,0.0325,3,1
2025,GB,Matthew Golden,WR,carries,Jordan Love,QB,0.0882,0.1031,0.0149,11,3
2025,GB,Matthew Golden,WR,targets,Dontayvion Wicks,WR,0.0988,0.2248,0.1259,10,3
2025,GB,Matthew Golden,WR,targets,Christian Watson,WR,0.1756,0.2665,0.0909,8,3
2025,GB,Matthew Golden,WR,targets,Savion Williams,WR,0.0504,0.0606,0.0102,5,1
2025,HOU,Justin Watson,WR,carries,Jawhar Jordan,RB,0.1562,0.4556,0.2994,1,3
2025,HOU,Justin Watson,WR,carries,Woody Marks,RB,0.3008,0.5149,0.2141,4,14
2025,HOU,Justin Watson,WR,carries,Dameon Pierce,RB,0.1111,0.2258,0.1147,1,1
2025,HOU,Justin Watson,WR,carries,Cade Stover,TE,0.0323,0.1043,0.072,1,2
2025,HOU,Justin Watson,WR,carries,Davis Mills,QB,0.0312,0.0809,0.0497,1,5
2025,HOU,Justin Watson,WR,targets,Jaylin Noel,WR,0.047,0.0776,0.0305,3,12
2025,HOU,Justin Watson,WR,targets,Dalton Schultz,TE,0.1567,0.1855,0.0287,4,15
2025,HOU,Justin Watson,WR,targets,Harrison Bryant,TE,0.0435,0.0689,0.0254,1,4
2025,HOU,Justin Watson,WR,targets,Jayden Higgins,WR,0.1145,0.1337,0.0192,4,15
2025,HOU,Justin Watson,WR,targets,Woody Marks,RB,0.0606,0.0714,0.0107,3,14
2025,HOU,Braxton Berrios,WR,carries,British Brooks,RB,0.0714,0.2354,0.164,1,2
2025,HOU,Braxton Berrios,WR,carries,Dare Ogunbowale,RB,0.0286,0.0681,0.0395,1,5
2025,HOU,Braxton Berrios,WR,targets,Dare Ogunbowale,RB,0.0244,0.0708,0.0463,3,5
2025,HOU,Braxton Berrios,WR,targets,Christian Kirk,WR,0.1346,0.1641,0.0296,3,10
2025,HOU,Braxton Berrios,WR,targets,Dalton Schultz,TE,0.1603,0.1862,0.0259,5,14
2025,HOU,Braxton Berrios,WR,targets,Cade Stover,TE,0.0667,0.0885,0.0219,1,7
2025,HOU,Braxton Berrios,WR,targets,Nick Chubb,RB,0.0401,0.0564,0.0163,4,8
2025,HOU,Christian Kirk,WR,carries,Nick Chubb,RB,0.2531,0.482,0.2289,13,4
2025,HOU,Christian Kirk,WR,carries,C.J. Stroud,QB,0.0757,0.1602,0.0845,12,4
2025,HOU,Christian Kirk,WR,targets,Cade Stover,TE,0.0769,0.1481,0.0713,7,1
2025,HOU,Christian Kirk,WR,targets,Jaylin Noel,WR,0.0576,0.127,0.0694,12,3
2025,HOU,Christian Kirk,WR,targets,Nico Collins,WR,0.2354,0.2631,0.0276,13,3
2025,HOU,Christian Kirk,WR,targets,Woody Marks,RB,0.0661,0.085,0.0189,14,3
2025,HOU,Christian Kirk,WR,targets,Nick Chubb,RB,0.0464,0.0601,0.0137,8,4
2025,HOU,Nick Chubb,RB,carries,British Brooks,RB,0.068,0.4062,0.3383,2,1
2025,HOU,Nick Chubb,RB,carries,Dare Ogunbowale,RB,0.0441,0.0963,0.0521,4,2
2025,HOU,Nick Chubb,RB,targets,Dare Ogunbowale,RB,0.0336,0.1126,0.079,6,2
2025,HOU,Nick Chubb,RB,targets,Xavier Hutchinson,WR,0.1202,0.1992,0.079,15,2
2025,HOU,Nick Chubb,RB,targets,Dalton Schultz,TE,0.1718,0.2445,0.0728,17,2
2025,HOU,Nick Chubb,RB,targets,Cade Stover,TE,0.0832,0.0934,0.0102,6,2
2025,HOU,Nico Collins,WR,carries,British Brooks,RB,0.068,0.4062,0.3383,2,1
2025,HOU,Nico Collins,WR,carries,Nick Chubb,RB,0.3034,0.3338,0.0304,15,2
2025,HOU,Nico Collins,WR,carries,Cade Stover,TE,0.075,0.0909,0.016,2,1
2025,HOU,Nico Collins,WR,carries,C.J. Stroud,QB,0.0942,0.1083,0.0141,13,3
2025,HOU,Nico Collins,WR,targets,Xavier Hutchinson,WR,0.1023,0.2561,0.1537,14,3
2025,HOU,Nico Collins,WR,targets,Jayden Higgins,WR,0.1158,0.2038,0.088,16,3
2025,HOU,Nico Collins,WR,targets,Braxton Berrios,WR,0.0638,0.1316,0.0677,1,1
2025,HOU,Nico Collins,WR,targets,Woody Marks,RB,0.0644,0.093,0.0286,14,3
2025,HOU,Nico Collins,WR,targets,Harrison Bryant,TE,0.0531,0.0798,0.0267,3,2
2025,HOU,Dameon Pierce,RB,carries,Woody Marks,RB,0.315,0.4523,0.1373,4,6
2025,HOU,Dameon Pierce,RB,targets,Christian Kirk,WR,0.0971,0.1749,0.0778,2,4
2025,HOU,Dameon Pierce,RB,targets,Nico Collins,WR,0.2314,0.2748,0.0433,3,6
2025,HOU,Dameon Pierce,RB,targets,Nick Chubb,RB,0.0359,0.0762,0.0403,4,5
2025,HOU,Dameon Pierce,RB,targets,Dalton Schultz,TE,0.1742,0.2019,0.0277,4,6
2025,HOU,Dameon Pierce,RB,targets,Justin Watson,WR,0.0741,0.087,0.0129,1,1
2025,HOU,C.J. Stroud,QB,carries,Woody Marks,RB,0.4254,0.6771,0.2517,15,3
2025,HOU,C.J. Stroud,QB,carries,Davis Mills,QB,0.045,0.1003,0.0553,3,3
2025,HOU,C.J. Stroud,QB,targets,Jayden Higgins,WR,0.1121,0.2234,0.1113,16,3
2025,HOU,C.J. Stroud,QB,targets,Dalton Schultz,TE,0.1751,0.2023,0.0272,16,3
2025,HOU,Cade Stover,TE,carries,Nick Chubb,RB,0.2151,0.4104,0.1953,9,8
2025,HOU,Cade Stover,TE,carries,Dameon Pierce,RB,0.1111,0.2258,0.1147,1,1
2025,HOU,Cade Stover,TE,carries,C.J. Stroud,QB,0.0788,0.1201,0.0412,9,7
2025,HOU,Cade Stover,TE,carries,Davis Mills,QB,0.0527,0.0925,0.0398,3,3
2025,HOU,Cade Stover,TE,targets,Nico Collins,WR,0.2158,0.2725,0.0567,9,7
2025,HOU,Cade Stover,TE,targets,Jaylin Noel,WR,0.0577,0.0921,0.0345,9,6
2025,HOU,Cade Stover,TE,targets,Nick Chubb,RB,0.0349,0.0625,0.0276,5,7
2025,HOU,Cade Stover,TE,targets,Woody Marks,RB,0.0582,0.0822,0.024,9,8
2025,HOU,Cade Stover,TE,targets,Dalton Schultz,TE,0.1737,0.1873,0.0136,11,8
2025,HOU,Jawhar Jordan,RB,carries,Woody Marks,RB,0.3837,0.6246,0.2409,3,2
2025,HOU,Jawhar Jordan,RB,carries,Nick Chubb,RB,0.1411,0.2522,0.1111,2,2
2025,HOU,Jawhar Jordan,RB,targets,Christian Kirk,WR,0.1369,0.2073,0.0704,3,2
2025,HOU,Jawhar Jordan,RB,targets,Xavier Hutchinson,WR,0.1431,0.2069,0.0638,4,2
2025,HOU,Jawhar Jordan,RB,targets,Jayden Higgins,WR,0.1148,0.1736,0.0588,4,2
2025,HOU,Jawhar Jordan,RB,targets,Nico Collins,WR,0.1908,0.2188,0.028,3,1
2025,HOU,British Brooks,RB,carries,Nick Chubb,RB,0.2825,0.4907,0.2083,15,2
2025,HOU,British Brooks,RB,carries,C.J. Stroud,QB,0.0856,0.1759,0.0904,14,2
2025,HOU,British Brooks,RB,carries,Dare Ogunbowale,RB,0.059,0.0741,0.0151,5,1
2025,HOU,British Brooks,RB,targets,Cade Stover,TE,0.0769,0.1481,0.0713,7,1
2025,HOU,British Brooks,RB,targets,Christian Kirk,WR,0.1519,0.2222,0.0703,12,1
2025,HOU,British Brooks,RB,targets,Nick Chubb,RB,0.0464,0.0741,0.0277,10,2
2025,HOU,British Brooks,RB,targets,Dare Ogunbowale,RB,0.0504,0.0741,0.0237,7,1
2025,HOU,Woody Marks,RB,carries,Jawhar Jordan,RB,0.2994,0.625,0.3256,3,1
2025,HOU,Woody Marks,RB,targets,Jawhar Jordan,RB,0.0769,0.1471,0.0701,1,1
2025,HOU,Woody Marks,RB,targets,Nico Collins,WR,0.239,0.2647,0.0257,15,1
2025,IND,Daniel Jones,QB,carries,DJ Giddens,RB,0.1774,0.2857,0.1083,3,1
2025,IND,Daniel Jones,QB,carries,Riley Leonard,QB,0.0478,0.1071,0.0594,2,1
2025,IND,Daniel Jones,QB,carries,Tyler Goodson,RB,0.0718,0.0929,0.021,3,2
2025,IND,Daniel Jones,QB,carries,Jonathan Taylor,RB,0.763,0.7833,0.0203,13,4
2025,IND,Daniel Jones,QB,carries,Ameer Abdullah,RB,0.0701,0.0845,0.0144,6,2
2025,IND,Daniel Jones,QB,targets,Mo Alie-Cox,TE,0.042,0.0934,0.0514,8,3
2025,IND,Daniel Jones,QB,targets,Ameer Abdullah,RB,0.0348,0.0788,0.044,7,4
2025,IND,Daniel Jones,QB,targets,Josh Downs,WR,0.169,0.184,0.015,12,4
2025,IND,Daniel Jones,QB,targets,Jonathan Taylor,RB,0.115,0.1262,0.0112,12,4
2025,IND,Daniel Jones,QB,targets,Tyler Warren,TE,0.2137,0.2239,0.0102,13,4
2025,IND,Alec Pierce,WR,carries,Tyler Warren,TE,0.0349,0.1,0.0651,4,1
2025,IND,Alec Pierce,WR,carries,Ashton Dulin,WR,0.0247,0.05,0.0253,2,1
2025,IND,Alec Pierce,WR,targets,Michael Pittman,WR,0.2009,0.2739,0.073,15,2
2025,IND,Alec Pierce,WR,targets,Ashton Dulin,WR,0.0429,0.0892,0.0463,3,2
2025,IND,Alec Pierce,WR,targets,Josh Downs,WR,0.1695,0.1958,0.0263,14,2
2025,IND,Alec Pierce,WR,targets,Jonathan Taylor,RB,0.1151,0.1369,0.0219,14,2
2025,IND,Alec Pierce,WR,targets,Adonai Mitchell,WR,0.0595,0.0772,0.0177,6,2
2025,IND,Josh Downs,WR,carries,Jonathan Taylor,RB,0.7658,0.8,0.0342,16,1
2025,IND,Josh Downs,WR,carries,Ameer Abdullah,RB,0.07,0.1,0.03,7,1
2025,IND,Josh Downs,WR,targets,Alec Pierce,WR,0.1651,0.303,0.1379,14,1
2025,IND,Josh Downs,WR,targets,Michael Pittman,WR,0.2037,0.303,0.0993,16,1
2025,IND,DJ Giddens,RB,carries,Jonathan Taylor,RB,0.7326,0.8074,0.0748,9,8
2025,IND,DJ Giddens,RB,carries,Tyler Goodson,RB,0.0579,0.0952,0.0373,2,3
2025,IND,DJ Giddens,RB,carries,Ameer Abdullah,RB,0.0632,0.0843,0.0211,4,4
2025,IND,DJ Giddens,RB,carries,Josh Downs,WR,0.0357,0.05,0.0143,1,1
2025,IND,DJ Giddens,RB,targets,Ameer Abdullah,RB,0.0397,0.0571,0.0175,4,7
2025,IND,DJ Giddens,RB,targets,Tyler Goodson,RB,0.0312,0.0417,0.0104,1,1
2025,IND,DJ Giddens,RB,targets,Michael Pittman,WR,0.2048,0.2149,0.0101,9,8
2025,JAX,Dyami Brown,WR,carries,Trevor Lawrence,QB,0.1582,0.1863,0.0281,15,3
2025,JAX,Dyami Brown,WR,carries,Bhayshul Tuten,RB,0.194,0.2106,0.0166,13,3
2025,JAX,Dyami Brown,WR,targets,Austin Trammell,WR,0.0585,0.16,0.1015,4,1
2025,JAX,Dyami Brown,WR,targets,Brenton Strange,TE,0.148,0.1842,0.0361,10,3
2025,JAX,Dyami Brown,WR,targets,Hunter Long,TE,0.0633,0.0968,0.0335,6,1
2025,JAX,Dyami Brown,WR,targets,Quintin Morris,TE,0.0672,0.08,0.0128,4,1
2025,JAX,Parker Washington,WR,carries,Travis Etienne,RB,0.5443,0.6897,0.1453,17,1
2025,JAX,Parker Washington,WR,carries,Jakobi Meyers,WR,0.0385,0.1034,0.0649,2,1
2025,JAX,Parker Washington,WR,targets,Tim Patrick,WR,0.0496,0.1935,0.144,13,1
2025,JAX,Parker Washington,WR,targets,Jakobi Meyers,WR,0.2096,0.3226,0.113,9,1
2025,JAX,Parker Washington,WR,targets,Brenton Strange,TE,0.1533,0.1935,0.0403,12,1
2025,JAX,Parker Washington,WR,targets,LeQuint Allen Jr.,RB,0.0337,0.0645,0.0309,9,1
2025,JAX,Parker Washington,WR,targets,Brian Thomas Jr.,WR,0.1835,0.1935,0.01,14,1
2025,JAX,Brenton Strange,TE,carries,Parker Washington,WR,0.052,0.116,0.064,3,2
2025,JAX,Brenton Strange,TE,carries,Bhayshul Tuten,RB,0.1864,0.2205,0.0341,11,5
2025,JAX,Brenton Strange,TE,targets,Quintin Morris,TE,0.0531,0.1364,0.0833,4,1
2025,JAX,Brenton Strange,TE,targets,Travis Hunter,WR,0.1512,0.2323,0.081,5,2
2025,JAX,Brenton Strange,TE,targets,Johnny Mundt,TE,0.037,0.0881,0.0511,7,4
2025,JAX,Brenton Strange,TE,targets,Bhayshul Tuten,RB,0.0366,0.0617,0.0251,7,3
2025,JAX,Brenton Strange,TE,targets,Travis Etienne,RB,0.0942,0.1184,0.0242,13,5
2025,JAX,Brian Thomas Jr.,WR,carries,Bhayshul Tuten,RB,0.1867,0.2422,0.0555,13,3
2025,JAX,Brian Thomas Jr.,WR,carries,LeQuint Allen Jr.,RB,0.0721,0.1036,0.0315,8,2
2025,JAX,Brian Thomas Jr.,WR,targets,Tim Patrick,WR,0.0436,0.1576,0.114,12,2
2025,JAX,Brian Thomas Jr.,WR,targets,Quintin Morris,TE,0.0531,0.1364,0.0833,4,1
2025,JAX,Brian Thomas Jr.,WR,targets,Johnny Mundt,TE,0.0406,0.0955,0.0548,8,3
2025,JAX,Brian Thomas Jr.,WR,targets,Travis Etienne,RB,0.0951,0.1303,0.0352,15,3
2025,JAX,Brian Thomas Jr.,WR,targets,Bhayshul Tuten,RB,0.0406,0.0583,0.0177,8,2
2025,JAX,Travis Hunter,WR,carries,Trevor Lawrence,QB,0.131,0.1831,0.0521,7,11
2025,JAX,Travis Hunter,WR,carries,LeQuint Allen Jr.,RB,0.0533,0.0891,0.0358,3,7
2025,JAX,Travis Hunter,WR,targets,Parker Washington,WR,0.156,0.2404,0.0843,6,10
2025,JAX,Travis Hunter,WR,targets,Tim Patrick,WR,0.028,0.0837,0.0557,6,8
2025,JAX,Travis Hunter,WR,targets,Hunter Long,TE,0.0642,0.0909,0.0267,6,1
2025,JAX,Travis Hunter,WR,targets,Johnny Mundt,TE,0.0443,0.0691,0.0248,6,5
2025,JAX,Travis Hunter,WR,targets,Brenton Strange,TE,0.142,0.1653,0.0234,5,8
2025,JAX,Bhayshul Tuten,RB,carries,Trevor Lawrence,QB,0.1521,0.249,0.0969,16,2
2025,JAX,Bhayshul Tuten,RB,carries,Travis Etienne,RB,0.5478,0.5894,0.0416,16,2
2025,JAX,Bhayshul Tuten,RB,carries,LeQuint Allen Jr.,RB,0.0752,0.0913,0.0162,8,2
2025,JAX,Bhayshul Tuten,RB,targets,Parker Washington,WR,0.1989,0.278,0.0791,14,2
2025,JAX,Bhayshul Tuten,RB,targets,Jakobi Meyers,WR,0.2171,0.2359,0.0188,8,2
2025,JAX,Bhayshul Tuten,RB,targets,Brenton Strange,TE,0.1543,0.1676,0.0133,11,2
2025,JAX,Bhayshul Tuten,RB,targets,Travis Etienne,RB,0.0996,0.112,0.0124,16,2
2025,KC,Patrick Mahomes,QB,carries,Brashard Smith,RB,0.1073,0.5217,0.4144,10,1
2025,KC,Patrick Mahomes,QB,carries,Isiah Pacheco,RB,0.353,0.5035,0.1505,11,2
2025,KC,Patrick Mahomes,QB,targets,Isiah Pacheco,RB,0.0705,0.3182,0.2477,8,1
2025,KC,Patrick Mahomes,QB,targets,Kareem Hunt,RB,0.0466,0.1333,0.0868,13,1
2025,KC,Patrick Mahomes,QB,targets,JuJu Smith-Schuster,WR,0.0817,0.1328,0.0511,13,3
2025,KC,Patrick Mahomes,QB,targets,Brashard Smith,RB,0.0818,0.1263,0.0445,9,3
2025,KC,Patrick Mahomes,QB,targets,Travis Kelce,TE,0.1957,0.2273,0.0316,14,3
2025,KC,Marquise Brown,WR,carries,Isiah Pacheco,RB,0.3639,0.5238,0.1599,12,1
2025,KC,Marquise Brown,WR,targets,Travis Kelce,TE,0.1951,0.3,0.1049,16,1
2025,KC,Marquise Brown,WR,targets,Rashee Rice,WR,0.2806,0.3667,0.086,7,1
2025,KC,Marquise Brown,WR,targets,Kareem Hunt,RB,0.0517,0.0667,0.015,13,1
2025,KC,Noah Gray,TE,carries,Kareem Hunt,RB,0.3815,0.6087,0.2272,16,1
2025,KC,Noah Gray,TE,carries,Xavier Worthy,WR,0.0508,0.087,0.0361,8,1
2025,KC,Noah Gray,TE,targets,Rashee Rice,WR,0.2794,0.375,0.0956,7,1
2025,KC,Noah Gray,TE,targets,Xavier Worthy,WR,0.1575,0.1875,0.03,13,1
2025,KC,Noah Gray,TE,targets,Kareem Hunt,RB,0.052,0.0625,0.0105,13,1
2025,KC,Isiah Pacheco,RB,carries,Kareem Hunt,RB,0.3297,0.6069,0.2773,13,4
2025,KC,Isiah Pacheco,RB,carries,Brashard Smith,RB,0.1124,0.232,0.1197,8,3
2025,KC,Isiah Pacheco,RB,carries,Rashee Rice,WR,0.0562,0.1,0.0438,2,1
2025,KC,Isiah Pacheco,RB,targets,Kareem Hunt,RB,0.0424,0.0787,0.0363,10,4
2025,KC,Isiah Pacheco,RB,targets,Xavier Worthy,WR,0.1549,0.1771,0.0223,11,3
2025,KC,Isiah Pacheco,RB,targets,Travis Kelce,TE,0.1986,0.2097,0.011,13,4
2025,KC,Tyquan Thornton,WR,carries,Brashard Smith,RB,0.1073,0.5217,0.4144,10,1
2025,KC,Tyquan Thornton,WR,carries,Isiah Pacheco,RB,0.353,0.5035,0.1505,11,2
2025,KC,Tyquan Thornton,WR,targets,Isiah Pacheco,RB,0.0705,0.3182,0.2477,8,1
2025,KC,Tyquan Thornton,WR,targets,Kareem Hunt,RB,0.0466,0.1333,0.0868,13,1
2025,KC,Tyquan Thornton,WR,targets,JuJu Smith-Schuster,WR,0.0817,0.1328,0.0511,13,3
2025,KC,Tyquan Thornton,WR,targets,Brashard Smith,RB,0.0818,0.1263,0.0445,9,3
2025,KC,Tyquan Thornton,WR,targets,Travis Kelce,TE,0.1957,0.2273,0.0316,14,3
2025,KC,Rashee Rice,WR,carries,Patrick Mahomes,QB,0.1118,0.2247,0.1129,8,6
2025,KC,Rashee Rice,WR,carries,Isiah Pacheco,RB,0.3546,0.3897,0.035,5,8
2025,KC,Rashee Rice,WR,carries,Brashard Smith,RB,0.1293,0.1638,0.0345,6,5
2025,KC,Rashee Rice,WR,targets,Marquise Brown,WR,0.0756,0.1918,0.1162,7,9
2025,KC,Rashee Rice,WR,targets,Tyquan Thornton,WR,0.0608,0.1429,0.082,6,5
2025,KC,Rashee Rice,WR,targets,JuJu Smith-Schuster,WR,0.0519,0.122,0.0701,7,9
2025,KC,Rashee Rice,WR,targets,Isiah Pacheco,RB,0.0607,0.1086,0.048,2,7
2025,KC,Rashee Rice,WR,targets,Noah Gray,TE,0.0753,0.1017,0.0264,6,7
2025,KC,Xavier Worthy,WR,carries,Brashard Smith,RB,0.1193,0.2134,0.0941,8,3
2025,KC,Xavier Worthy,WR,carries,Isiah Pacheco,RB,0.3733,0.3923,0.0191,11,2
2025,KC,Xavier Worthy,WR,carries,Patrick Mahomes,QB,0.1578,0.1746,0.0168,12,2
2025,KC,Xavier Worthy,WR,targets,Tyquan Thornton,WR,0.0722,0.2148,0.1426,9,2
2025,KC,Xavier Worthy,WR,targets,Noah Gray,TE,0.0653,0.1702,0.1049,10,3
2025,KC,Xavier Worthy,WR,targets,Marquise Brown,WR,0.1317,0.1813,0.0496,13,3
2025,KC,Xavier Worthy,WR,targets,Kareem Hunt,RB,0.0493,0.0655,0.0161,11,3
2025,KC,Jalen Royals,WR,carries,Kareem Hunt,RB,0.2854,0.5181,0.2327,9,8
2025,KC,Jalen Royals,WR,carries,Xavier Worthy,WR,0.0496,0.0653,0.0156,6,3
2025,KC,Jalen Royals,WR,carries,Patrick Mahomes,QB,0.1544,0.1646,0.0101,6,8
2025,LA,Davante Adams,WR,carries,Blake Corum,RB,0.3127,0.3744,0.0617,17,3
2025,LA,Davante Adams,WR,carries,Puka Nacua,WR,0.0582,0.0714,0.0132,9,1
2025,LA,Davante Adams,WR,targets,Tyler Higbee,TE,0.099,0.1622,0.0632,11,1
2025,LA,Davante Adams,WR,targets,Konata Mumpfield,WR,0.049,0.1109,0.0619,9,3
2025,LA,Davante Adams,WR,targets,Colby Parkinson,TE,0.1094,0.1557,0.0462,14,3
2025,LA,Davante Adams,WR,targets,Kyren Williams,RB,0.0788,0.1145,0.0357,16,3
2025,LA,Davante Adams,WR,targets,Terrance Ferguson,TE,0.067,0.0972,0.0302,10,2
2025,LA,Tyler Higbee,TE,carries,Kyren Williams,RB,0.5815,0.6154,0.0338,13,7
2025,LA,Tyler Higbee,TE,carries,Puka Nacua,WR,0.0585,0.069,0.0105,9,1
2025,LA,Tyler Higbee,TE,targets,Konata Mumpfield,WR,0.0501,0.0846,0.0345,7,5
2025,LA,Tyler Higbee,TE,targets,Colby Parkinson,TE,0.1051,0.1354,0.0303,10,7
2025,LA,Tyler Higbee,TE,targets,Davis Allen,TE,0.0533,0.0787,0.0253,9,6
2025,LA,Tyler Higbee,TE,targets,Xavier Smith,WR,0.0635,0.0879,0.0244,6,4
2025,LA,Tyler Higbee,TE,targets,Tutu Atwell,WR,0.0457,0.0558,0.0101,5,3
2025,LA,Colby Parkinson,TE,carries,Kyren Williams,RB,0.5839,0.6791,0.0952,18,2
2025,LA,Colby Parkinson,TE,carries,Matthew Stafford,QB,0.0579,0.0952,0.0374,9,1
2025,LA,Colby Parkinson,TE,targets,Davante Adams,WR,0.2269,0.3762,0.1493,15,2
2025,LA,Colby Parkinson,TE,targets,Jordan Whittington,WR,0.054,0.1082,0.0542,11,2
2025,LA,Colby Parkinson,TE,targets,Tyler Higbee,TE,0.0972,0.1394,0.0422,10,2
2025,LA,Colby Parkinson,TE,targets,Konata Mumpfield,WR,0.0633,0.0769,0.0136,11,1
2025,LA,Puka Nacua,WR,carries,Blake Corum,RB,0.3137,0.48,0.1663,19,1
2025,LA,Puka Nacua,WR,targets,Tyler Higbee,TE,0.0972,0.1818,0.0847,11,1
2025,LA,Puka Nacua,WR,targets,Jordan Whittington,WR,0.0574,0.1212,0.0638,12,1
2025,LA,Puka Nacua,WR,targets,Terrance Ferguson,TE,0.0703,0.0909,0.0206,11,1
2025,LA,Puka Nacua,WR,targets,Xavier Smith,WR,0.0713,0.0909,0.0196,9,1
2025,LAC,Justin Herbert,QB,carries,Trey Lance,QB,0.0916,0.4286,0.337,3,1
2025,LAC,Justin Herbert,QB,carries,Jaret Patterson,RB,0.1826,0.381,0.1983,5,1
2025,LAC,Justin Herbert,QB,targets,Keenan Allen,WR,0.2162,0.3421,0.1259,17,1
2025,LAC,Justin Herbert,QB,targets,KeAndre Lambert-Smith,WR,0.0374,0.1316,0.0942,6,1
2025,LAC,Justin Herbert,QB,targets,Will Dissly,TE,0.0504,0.1316,0.0812,7,1
2025,LAC,Justin Herbert,QB,targets,Tre Harris,WR,0.0872,0.1579,0.0707,16,1
2025,LAC,Najee Harris,RB,carries,Justin Herbert,QB,0.1816,0.1965,0.0148,3,14
2025,LAC,Najee Harris,RB,targets,Tre Harris,WR,0.0542,0.0993,0.0451,3,14
2025,LAC,Najee Harris,RB,targets,Will Dissly,TE,0.0332,0.0696,0.0364,2,6
2025,LAC,Najee Harris,RB,targets,Omarion Hampton,RB,0.0962,0.129,0.0328,3,6
2025,LAC,Najee Harris,RB,targets,Tucker Fisk,TE,0.0222,0.0481,0.0259,1,4
2025,LAC,Najee Harris,RB,targets,KeAndre Lambert-Smith,WR,0.0294,0.0544,0.025,1,6
2025,LAC,Hassan Haskins,RB,carries,Kimani Vidal,RB,0.3791,0.5409,0.1618,8,5
2025,LAC,Hassan Haskins,RB,targets,Ladd McConkey,WR,0.1868,0.253,0.0662,12,5
2025,LAC,Hassan Haskins,RB,targets,Oronde Gadsden II,TE,0.1265,0.1745,0.048,11,5
2025,LAC,Quentin Johnston,WR,carries,Kimani Vidal,RB,0.4171,0.5743,0.1572,11,2
2025,LAC,Quentin Johnston,WR,carries,Hassan Haskins,RB,0.1069,0.24,0.1331,4,1
2025,LAC,Quentin Johnston,WR,carries,Omarion Hampton,RB,0.504,0.5357,0.0317,9,1
2025,LAC,Quentin Johnston,WR,targets,Tre Harris,WR,0.082,0.1619,0.08,15,2
2025,LAC,Quentin Johnston,WR,targets,Oronde Gadsden II,TE,0.1329,0.2014,0.0685,14,2
2025,LAC,Quentin Johnston,WR,targets,Scott Matlock,RB,0.031,0.0769,0.0459,2,1
2025,LAC,Kimani Vidal,RB,carries,Omarion Hampton,RB,0.457,0.6364,0.1794,6,1
2025,LAC,Kimani Vidal,RB,carries,Justin Herbert,QB,0.1906,0.2727,0.0821,13,1
2025,LAC,Kimani Vidal,RB,carries,Tre Harris,WR,0.0263,0.0455,0.0191,1,1
2025,LAC,Kimani Vidal,RB,targets,Omarion Hampton,RB,0.1032,0.2581,0.1549,5,1
2025,LAC,Kimani Vidal,RB,targets,Quentin Johnston,WR,0.1872,0.2581,0.0708,10,1
2025,LAC,Kimani Vidal,RB,targets,Oronde Gadsden II,TE,0.1367,0.1935,0.0568,14,1
2025,LAC,Oronde Gadsden II,TE,carries,Justin Herbert,QB,0.1881,0.2367,0.0486,15,2
2025,LAC,Oronde Gadsden II,TE,targets,Keenan Allen,WR,0.2165,0.2767,0.0602,16,2
2025,LAC,Oronde Gadsden II,TE,targets,Quentin Johnston,WR,0.1942,0.2326,0.0384,12,2
2025,LAC,Oronde Gadsden II,TE,targets,Ladd McConkey,WR,0.2038,0.2249,0.0212,15,2
2025,LAC,Oronde Gadsden II,TE,targets,Tyler Conklin,TE,0.0442,0.0588,0.0146,5,1
2025,LAC,Omarion Hampton,RB,carries,Jaret Patterson,RB,0.0455,0.2497,0.2043,1,5
2025,LAC,Omarion Hampton,RB,carries,Kimani Vidal,RB,0.3214,0.5162,0.1948,5,8
2025,LAC,Omarion Hampton,RB,carries,Trey Lance,QB,0.0385,0.2216,0.1832,1,3
2025,LAC,Omarion Hampton,RB,targets,Ladd McConkey,WR,0.1727,0.2543,0.0816,10,7
2025,LAC,Omarion Hampton,RB,targets,Oronde Gadsden II,TE,0.1202,0.1628,0.0426,8,8
2025,LAC,Omarion Hampton,RB,targets,KeAndre Lambert-Smith,WR,0.034,0.0733,0.0393,4,3
2025,LAC,Omarion Hampton,RB,targets,Will Dissly,TE,0.0563,0.0676,0.0113,5,3
2025,LAC,Omarion Hampton,RB,targets,Tre Harris,WR,0.0866,0.0968,0.0102,9,8
2025,LV,Geno Smith,QB,carries,Ashton Jeanty,RB,0.7204,0.7524,0.032,15,2
2025,LV,Geno Smith,QB,carries,Dylan Laube,RB,0.1426,0.1538,0.0112,2,1
2025,LV,Geno Smith,QB,targets,Brock Bowers,TE,0.2278,0.32,0.0922,11,1
2025,LV,Geno Smith,QB,targets,Ashton Jeanty,RB,0.1481,0.2162,0.0681,14,2
2025,LV,Geno Smith,QB,targets,Tyler Lockett,WR,0.1092,0.1762,0.067,8,2
2025,LV,Geno Smith,QB,targets,Michael Mayer,TE,0.1441,0.1923,0.0482,11,1
2025,LV,Raheem Mostert,RB,targets,Shedrick Jackson,WR,0.0357,0.0728,0.0371,1,2
2025,LV,Raheem Mostert,RB,targets,Tyler Lockett,WR,0.1158,0.1497,0.0339,8,2
2025,LV,Raheem Mostert,RB,targets,Jakobi Meyers,WR,0.2111,0.2417,0.0305,4,3
2025,LV,Raheem Mostert,RB,targets,Tre Tucker,WR,0.1804,0.2087,0.0283,12,5
2025,LV,Raheem Mostert,RB,targets,Dont'e Thornton Jr.,WR,0.0918,0.1077,0.0159,6,5
2025,LV,Jakobi Meyers,WR,carries,Dylan Laube,RB,0.1034,0.1818,0.0784,1,1
2025,LV,Jakobi Meyers,WR,carries,Geno Smith,QB,0.1318,0.1818,0.0501,7,1
2025,LV,Jakobi Meyers,WR,targets,Tre Tucker,WR,0.1693,0.3529,0.1837,7,1
2025,LV,Jakobi Meyers,WR,targets,Dont'e Thornton Jr.,WR,0.1025,0.1765,0.0739,5,1
2025,LV,Jakobi Meyers,WR,targets,Jack Bech,WR,0.0621,0.1176,0.0556,4,1
2025,LV,Jakobi Meyers,WR,targets,Raheem Mostert,RB,0.0378,0.0588,0.021,2,1
2025,LV,Jakobi Meyers,WR,targets,Dylan Laube,RB,0.0411,0.0588,0.0177,2,1
2025,LV,Zamir White,RB,carries,Kenny Pickett,QB,0.0312,0.1094,0.0781,1,3
2025,LV,Zamir White,RB,carries,Dylan Laube,RB,0.1034,0.1678,0.0644,1,2
2025,LV,Zamir White,RB,carries,Ashton Jeanty,RB,0.6997,0.7375,0.0378,6,11
2025,LV,Zamir White,RB,carries,Geno Smith,QB,0.1091,0.1429,0.0338,5,9
2025,LV,Zamir White,RB,targets,Ashton Jeanty,RB,0.1224,0.1722,0.0498,5,11
2025,LV,Zamir White,RB,targets,Jack Bech,WR,0.0705,0.1042,0.0338,4,8
2025,LV,Zamir White,RB,targets,Brock Bowers,TE,0.2143,0.2426,0.0283,3,9
2025,LV,Zamir White,RB,targets,Dylan Laube,RB,0.0411,0.0588,0.0177,2,1
2025,LV,Zamir White,RB,targets,Alex Bachman,WR,0.029,0.0455,0.0164,2,1
2025,LV,Michael Mayer,TE,carries,Raheem Mostert,RB,0.0958,0.156,0.0602,5,3
2025,LV,Michael Mayer,TE,carries,Ashton Jeanty,RB,0.7198,0.7383,0.0185,13,4
2025,LV,Michael Mayer,TE,targets,Jack Bech,WR,0.0696,0.1632,0.0936,9,3
2025,LV,Michael Mayer,TE,targets,Ashton Jeanty,RB,0.1421,0.2002,0.0582,12,4
2025,LV,Michael Mayer,TE,targets,Jakobi Meyers,WR,0.2105,0.2583,0.0478,5,2
2025,LV,Michael Mayer,TE,targets,Ian Thomas,TE,0.0475,0.0667,0.0192,4,3
2025,LV,Brock Bowers,TE,carries,Raheem Mostert,RB,0.0824,0.2262,0.1438,6,2
2025,LV,Brock Bowers,TE,carries,Dylan Laube,RB,0.1286,0.1818,0.0532,2,1
2025,LV,Brock Bowers,TE,targets,Michael Mayer,TE,0.1007,0.2429,0.1422,8,4
2025,LV,Brock Bowers,TE,targets,Tre Tucker,WR,0.1689,0.2364,0.0675,12,5
2025,LV,Brock Bowers,TE,targets,Shedrick Jackson,WR,0.0357,0.0728,0.0371,1,2
2025,LV,Brock Bowers,TE,targets,Tyler Lockett,WR,0.1158,0.1497,0.0339,8,2
2025,LV,Brock Bowers,TE,targets,Dylan Laube,RB,0.0411,0.0588,0.0177,2,1
2025,LV,Dont'e Thornton Jr.,WR,carries,Geno Smith,QB,0.1238,0.1732,0.0495,12,2
2025,LV,Dont'e Thornton Jr.,WR,carries,Ashton Jeanty,RB,0.7195,0.7588,0.0393,15,2
2025,LV,Dont'e Thornton Jr.,WR,carries,Brock Bowers,TE,0.04,0.0526,0.0126,1,1
2025,LV,Dont'e Thornton Jr.,WR,targets,Jack Bech,WR,0.0819,0.2143,0.1323,11,1
2025,LV,Dont'e Thornton Jr.,WR,targets,Michael Mayer,TE,0.1452,0.1795,0.0342,11,1
2025,LV,Dont'e Thornton Jr.,WR,targets,Brock Bowers,TE,0.2314,0.256,0.0246,10,2
2025,LV,Jack Bech,WR,carries,Ashton Jeanty,RB,0.7194,0.8,0.0806,16,1
2025,LV,Jack Bech,WR,carries,Tre Tucker,WR,0.0481,0.1,0.0519,7,1
2025,LV,Jack Bech,WR,targets,Michael Mayer,TE,0.1291,0.3571,0.2281,11,1
2025,LV,Jack Bech,WR,targets,Shedrick Jackson,WR,0.0371,0.1071,0.0701,2,1
2025,LV,Jack Bech,WR,targets,Dont'e Thornton Jr.,WR,0.0946,0.1429,0.0482,10,1
2025,LV,Jack Bech,WR,targets,Tre Tucker,WR,0.1871,0.2143,0.0272,16,1
2025,MIA,Darren Waller,TE,carries,Ollie Gordon II,RB,0.1399,0.2059,0.066,8,8
2025,MIA,Darren Waller,TE,carries,Malik Washington,WR,0.0459,0.1044,0.0586,4,6
2025,MIA,Darren Waller,TE,carries,De'Von Achane,RB,0.6171,0.6277,0.0106,9,7
2025,MIA,Darren Waller,TE,targets,De'Von Achane,RB,0.1338,0.2536,0.1198,9,7
2025,MIA,Darren Waller,TE,targets,Theo Wease Jr.,WR,0.0917,0.2083,0.1166,2,1
2025,MIA,Darren Waller,TE,targets,Alec Ingold,RB,0.0332,0.0613,0.0281,4,4
2025,MIA,Darren Waller,TE,targets,Greg Dulcich,TE,0.1452,0.1731,0.0278,5,4
2025,MIA,Darren Waller,TE,targets,Nick Westbrook-Ikhine,WR,0.0606,0.0846,0.024,4,5
2025,MIA,Tyreek Hill,WR,carries,De'Von Achane,RB,0.6105,0.6255,0.015,4,12
2025,MIA,Tyreek Hill,WR,targets,Jaylen Waddle,WR,0.1914,0.2455,0.0541,4,12
2025,MIA,Tyreek Hill,WR,targets,Julian Hill,TE,0.0472,0.0772,0.03,3,8
2025,MIA,Tyreek Hill,WR,targets,Malik Washington,WR,0.1226,0.1502,0.0277,4,13
2025,MIA,Tyreek Hill,WR,targets,Nick Westbrook-Ikhine,WR,0.0654,0.0782,0.0128,3,6
2025,MIA,Jaylen Waddle,WR,carries,Jaylen Wright,RB,0.215,0.52,0.305,8,1
2025,MIA,Jaylen Waddle,WR,carries,Ollie Gordon II,RB,0.1604,0.36,0.1996,15,1
2025,MIA,Jaylen Waddle,WR,targets,Theo Wease Jr.,WR,0.0917,0.2083,0.1166,2,1
2025,MIA,Jaylen Waddle,WR,targets,Tahj Washington,WR,0.0541,0.125,0.0709,1,1
2025,MIA,Jaylen Waddle,WR,targets,Alec Ingold,RB,0.0421,0.0833,0.0412,7,1
2025,MIA,Jaylen Waddle,WR,targets,Cedrick Wilson Jr.,WR,0.0579,0.0833,0.0254,5,1
2025,MIA,Jaylen Waddle,WR,targets,Malik Washington,WR,0.1423,0.1667,0.0244,16,1
2025,MIA,Zach Wilson,QB,carries,Tua Tagovailoa,QB,0.0649,0.1364,0.0715,9,1
2025,MIA,Zach Wilson,QB,carries,Ollie Gordon II,RB,0.1693,0.2273,0.058,15,1
2025,MIA,Zach Wilson,QB,targets,Malik Washington,WR,0.1361,0.2667,0.1306,16,1
2025,MIA,Zach Wilson,QB,targets,Nick Westbrook-Ikhine,WR,0.0665,0.1333,0.0668,8,1
2025,MIA,Zach Wilson,QB,targets,Tanner Conner,TE,0.0631,0.1,0.0369,6,1
2025,MIA,Zach Wilson,QB,targets,Ollie Gordon II,RB,0.0345,0.0667,0.0322,7,1
2025,MIA,Zach Wilson,QB,targets,Dee Eskridge,WR,0.0385,0.0667,0.0281,4,1
2025,MIA,De'Von Achane,RB,carries,Jaylen Wright,RB,0.215,0.52,0.305,8,1
2025,MIA,De'Von Achane,RB,carries,Ollie Gordon II,RB,0.1604,0.36,0.1996,15,1
2025,MIA,De'Von Achane,RB,targets,Theo Wease Jr.,WR,0.0917,0.2083,0.1166,2,1
2025,MIA,De'Von Achane,RB,targets,Tahj Washington,WR,0.0541,0.125,0.0709,1,1
2025,MIA,De'Von Achane,RB,targets,Alec Ingold,RB,0.0421,0.0833,0.0412,7,1
2025,MIA,De'Von Achane,RB,targets,Cedrick Wilson Jr.,WR,0.0579,0.0833,0.0254,5,1
2025,MIA,De'Von Achane,RB,targets,Malik Washington,WR,0.1423,0.1667,0.0244,16,1
2025,MIA,Jaylen Wright,RB,carries,De'Von Achane,RB,0.5868,0.6986,0.1118,11,5
2025,MIA,Jaylen Wright,RB,carries,Malik Washington,WR,0.0549,0.1202,0.0654,6,4
2025,MIA,Jaylen Wright,RB,carries,Alec Ingold,RB,0.0333,0.0476,0.0143,1,1
2025,MIA,Jaylen Wright,RB,targets,De'Von Achane,RB,0.1696,0.2227,0.0531,11,5
2025,MIA,Jaylen Wright,RB,targets,Julian Hill,TE,0.0601,0.0928,0.0326,8,3
2025,MIA,Tahj Washington,WR,carries,Jaylen Wright,RB,0.2244,0.2685,0.0441,4,5
2025,MIA,Tahj Washington,WR,carries,Malik Washington,WR,0.0693,0.0927,0.0234,5,5
2025,MIA,Tahj Washington,WR,carries,Tua Tagovailoa,QB,0.0563,0.0788,0.0224,3,7
2025,MIA,Tahj Washington,WR,targets,Darren Waller,TE,0.1278,0.1893,0.0615,3,5
2025,MIA,Tahj Washington,WR,targets,Tanner Conner,TE,0.0397,0.0899,0.0502,3,4
2025,MIA,Tahj Washington,WR,targets,Dee Eskridge,WR,0.0302,0.0535,0.0233,2,3
2025,MIA,Tahj Washington,WR,targets,Nick Westbrook-Ikhine,WR,0.063,0.0794,0.0164,3,6
2025,MIA,Tahj Washington,WR,targets,Theo Wease Jr.,WR,0.1269,0.1379,0.011,2,1
2025,MIN,Carson Wentz,QB,carries,Aaron Jones,RB,0.3418,0.5268,0.185,3,9
2025,MIN,Carson Wentz,QB,targets,Aaron Jones,RB,0.1058,0.1513,0.0456,3,9
2025,MIN,Carson Wentz,QB,targets,Josh Oliver,TE,0.0538,0.0793,0.0255,5,7
2025,MIN,Carson Wentz,QB,targets,Justin Jefferson,WR,0.2988,0.3101,0.0113,7,10
2025,MIN,Aaron Jones,RB,carries,Jordan Mason,RB,0.3562,0.6022,0.246,11,5
2025,MIN,Aaron Jones,RB,carries,Ty Chandler,RB,0.25,0.3226,0.0726,1,1
2025,MIN,Aaron Jones,RB,carries,Zavier Scott,RB,0.1383,0.1712,0.0329,4,5
2025,MIN,Aaron Jones,RB,targets,Ben Sims,TE,0.0575,0.1333,0.0759,2,1
2025,MIN,Aaron Jones,RB,targets,T.J. Hockenson,TE,0.1456,0.1919,0.0463,11,4
2025,MIN,Aaron Jones,RB,targets,Jordan Mason,RB,0.0524,0.0937,0.0413,7,2
2025,MIN,Aaron Jones,RB,targets,Zavier Scott,RB,0.047,0.0715,0.0245,4,4
2025,MIN,Aaron Jones,RB,targets,Jalen Nailor,WR,0.1119,0.1285,0.0165,12,5
2025,MIN,T.J. Hockenson,TE,carries,Aaron Jones,RB,0.4658,0.6429,0.1771,11,1
2025,MIN,T.J. Hockenson,TE,carries,Jordan Mason,RB,0.4318,0.4516,0.0198,15,1
2025,MIN,T.J. Hockenson,TE,targets,Aaron Jones,RB,0.1267,0.2857,0.159,11,1
2025,MIN,T.J. Hockenson,TE,targets,Justin Jefferson,WR,0.2979,0.3619,0.064,15,2
2025,MIN,T.J. Hockenson,TE,targets,Ben Sims,TE,0.0435,0.1024,0.0589,1,2
2025,MIN,T.J. Hockenson,TE,targets,Josh Oliver,TE,0.0615,0.1048,0.0433,10,2
2025,MIN,Ty Chandler,RB,carries,J.J. McCarthy,QB,0.0707,0.1557,0.085,2,7
2025,MIN,Ty Chandler,RB,carries,Zavier Scott,RB,0.0968,0.1641,0.0673,1,8
2025,MIN,Ty Chandler,RB,targets,Jordan Addison,WR,0.0857,0.1974,0.1117,2,12
2025,MIN,Ty Chandler,RB,targets,Ben Yurosek,TE,0.0333,0.0667,0.0333,1,1
2025,MIN,Ty Chandler,RB,targets,Zavier Scott,RB,0.0333,0.063,0.0296,1,7
2025,MIN,Ty Chandler,RB,targets,Jordan Mason,RB,0.0455,0.0636,0.0182,1,8
2025,MIN,Ty Chandler,RB,targets,Jalen Nailor,WR,0.1026,0.1198,0.0172,3,14
2025,MIN,Jordan Mason,RB,carries,Aaron Jones,RB,0.4658,0.6429,0.1771,11,1
2025,MIN,Jordan Mason,RB,targets,Aaron Jones,RB,0.1267,0.2857,0.159,11,1
2025,MIN,Jordan Mason,RB,targets,Josh Oliver,TE,0.062,0.1429,0.0809,11,1
2025,MIN,Jordan Mason,RB,targets,Justin Jefferson,WR,0.3022,0.3571,0.0549,16,1
2025,MIN,Zavier Scott,RB,carries,Jordan Mason,RB,0.4234,0.5769,0.1535,15,1
2025,MIN,Zavier Scott,RB,targets,T.J. Hockenson,TE,0.1563,0.1818,0.0256,14,1
2025,MIN,Zavier Scott,RB,targets,Josh Oliver,TE,0.0667,0.0909,0.0242,11,1
2025,MIN,Zavier Scott,RB,targets,Jalen Nailor,WR,0.1156,0.1364,0.0208,16,1
2025,MIN,Zavier Scott,RB,targets,Adam Thielen,WR,0.0724,0.0909,0.0186,8,1
2025,MIN,Zavier Scott,RB,targets,Justin Jefferson,WR,0.3047,0.3182,0.0135,16,1
2025,MIN,Ben Sims,TE,carries,J.J. McCarthy,QB,0.1153,0.2,0.0847,6,1
2025,MIN,Ben Sims,TE,carries,Aaron Jones,RB,0.522,0.5436,0.0216,7,2
2025,MIN,Ben Sims,TE,carries,Jordan Mason,RB,0.326,0.3364,0.0103,7,2
2025,MIN,Ben Sims,TE,targets,Justin Jefferson,WR,0.3036,0.3363,0.0327,8,2
2025,MIN,Ben Sims,TE,targets,Jordan Addison,WR,0.169,0.1963,0.0274,8,2
2025,MIN,Ben Sims,TE,targets,T.J. Hockenson,TE,0.1432,0.159,0.0158,6,2
2025,MIN,Jordan Addison,WR,carries,Zavier Scott,RB,0.1439,0.2581,0.1142,8,1
2025,MIN,Jordan Addison,WR,carries,Jordan Mason,RB,0.4124,0.5222,0.1098,13,3
2025,MIN,Jordan Addison,WR,carries,J.J. McCarthy,QB,0.1274,0.17,0.0427,7,2
2025,MIN,Jordan Addison,WR,targets,Jalen Nailor,WR,0.1002,0.1943,0.0941,14,3
2025,MIN,Jordan Addison,WR,targets,Adam Thielen,WR,0.0588,0.1057,0.0469,6,3
2025,MIN,Jordan Addison,WR,targets,T.J. Hockenson,TE,0.1496,0.1916,0.042,12,3
2025,MIN,Jordan Addison,WR,targets,Jordan Mason,RB,0.0523,0.0942,0.0419,7,2
2025,MIN,J.J. McCarthy,QB,carries,Jordan Mason,RB,0.3606,0.5538,0.1932,10,6
2025,MIN,J.J. McCarthy,QB,carries,Zavier Scott,RB,0.0894,0.1902,0.1008,3,6
2025,MIN,J.J. McCarthy,QB,carries,Aaron Jones,RB,0.4744,0.4991,0.0248,9,3
2025,MIN,J.J. McCarthy,QB,targets,Aaron Jones,RB,0.1247,0.1857,0.0609,9,3
2025,MIN,J.J. McCarthy,QB,targets,Jordan Addison,WR,0.166,0.202,0.036,8,6
2025,MIN,J.J. McCarthy,QB,targets,T.J. Hockenson,TE,0.1439,0.1791,0.0353,9,6
2025,MIN,J.J. McCarthy,QB,targets,Ben Yurosek,TE,0.0333,0.0667,0.0333,1,1
2025,MIN,J.J. McCarthy,QB,targets,Zavier Scott,RB,0.0401,0.0708,0.0307,3,5
2025,NE,Mack Hollins,WR,carries,TreVeyon Henderson,RB,0.3537,0.4278,0.0741,17,4
2025,NE,Mack Hollins,WR,carries,D'Ernest Johnson,RB,0.0792,0.1369,0.0577,2,2
2025,NE,Mack Hollins,WR,targets,Kyle Williams,WR,0.0501,0.1175,0.0673,11,3
2025,NE,Mack Hollins,WR,targets,Rhamondre Stevenson,RB,0.0942,0.1505,0.0563,14,4
2025,NE,Mack Hollins,WR,targets,Kayshon Boutte,WR,0.1263,0.1802,0.0539,15,3
2025,NE,Mack Hollins,WR,targets,Drake Maye,QB,0.0222,0.037,0.0148,1,1
2025,NE,Antonio Gibson,RB,carries,TreVeyon Henderson,RB,0.262,0.4009,0.1388,5,16
2025,NE,Antonio Gibson,RB,carries,Rhamondre Stevenson,RB,0.3271,0.3998,0.0727,5,13
2025,NE,Antonio Gibson,RB,targets,Mack Hollins,WR,0.0753,0.1883,0.1129,4,12
2025,NE,Antonio Gibson,RB,targets,Kyle Williams,WR,0.025,0.0712,0.0462,2,12
2025,NE,Antonio Gibson,RB,targets,Kayshon Boutte,WR,0.1176,0.1421,0.0244,5,13
2025,NE,Antonio Gibson,RB,targets,Drake Maye,QB,0.0222,0.037,0.0148,1,1
2025,NE,Rhamondre Stevenson,RB,carries,TreVeyon Henderson,RB,0.3311,0.5884,0.2573,18,3
2025,NE,Rhamondre Stevenson,RB,carries,Terrell Jennings,RB,0.081,0.2603,0.1793,3,2
2025,NE,Rhamondre Stevenson,RB,targets,Stefon Diggs,WR,0.2081,0.2507,0.0425,18,3
2025,NE,Rhamondre Stevenson,RB,targets,TreVeyon Henderson,RB,0.0932,0.1334,0.0403,13,3
2025,NE,Rhamondre Stevenson,RB,targets,Mack Hollins,WR,0.1533,0.1893,0.036,13,3
2025,NE,Rhamondre Stevenson,RB,targets,DeMario Douglas,WR,0.0972,0.1247,0.0276,16,3
2025,NE,Rhamondre Stevenson,RB,targets,Hunter Henry,TE,0.1655,0.178,0.0126,18,3
2025,NE,Kayshon Boutte,WR,carries,TreVeyon Henderson,RB,0.3259,0.6191,0.2932,18,3
2025,NE,Kayshon Boutte,WR,targets,Mack Hollins,WR,0.1474,0.2482,0.1007,14,2
2025,NE,Kayshon Boutte,WR,targets,Rhamondre Stevenson,RB,0.1012,0.2,0.0988,17,1
2025,NE,Kayshon Boutte,WR,targets,Stefon Diggs,WR,0.2028,0.2831,0.0803,18,3
2025,NE,Kayshon Boutte,WR,targets,Kyle Williams,WR,0.0495,0.12,0.0705,11,3
2025,NE,Kayshon Boutte,WR,targets,Efton Chism III,WR,0.0435,0.08,0.0365,2,1
2025,NE,Terrell Jennings,RB,carries,D'Ernest Johnson,RB,0.0792,0.1369,0.0577,2,2
2025,NE,Terrell Jennings,RB,carries,Drake Maye,QB,0.1701,0.1907,0.0206,8,8
2025,NE,Terrell Jennings,RB,targets,Rhamondre Stevenson,RB,0.0745,0.1313,0.0568,5,8
2025,NE,Terrell Jennings,RB,targets,Mack Hollins,WR,0.1745,0.2159,0.0414,8,4
2025,NE,Terrell Jennings,RB,targets,Kyle Williams,WR,0.0549,0.094,0.0391,7,5
2025,NE,Terrell Jennings,RB,targets,Kayshon Boutte,WR,0.1287,0.1535,0.0249,6,7
2025,NO,Taysom Hill,QB,carries,Alvin Kamara,RB,0.4201,0.5738,0.1537,7,4
2025,NO,Taysom Hill,QB,targets,Brandin Cooks,WR,0.0616,0.1096,0.048,5,4
2025,NO,Taysom Hill,QB,targets,Juwan Johnson,TE,0.1652,0.212,0.0468,13,4
2025,NO,Taysom Hill,QB,targets,Jack Stoll,TE,0.0334,0.0566,0.0232,6,2
2025,NO,Alvin Kamara,RB,carries,Devin Neal,RB,0.1463,0.475,0.3287,5,3
2025,NO,Alvin Kamara,RB,carries,Tyler Shough,QB,0.1377,0.1733,0.0356,4,6
2025,NO,Alvin Kamara,RB,targets,Devaughn Vele,WR,0.0868,0.2336,0.1467,6,3
2025,NO,Alvin Kamara,RB,targets,Kevin Austin Jr.,WR,0.0244,0.1688,0.1444,1,4
2025,NO,Alvin Kamara,RB,targets,Dante Pettis,WR,0.0233,0.1055,0.0822,1,3
2025,NO,Alvin Kamara,RB,targets,Mason Tipton,WR,0.0484,0.0951,0.0466,3,3
2025,NO,Alvin Kamara,RB,targets,Taysom Hill,QB,0.041,0.0861,0.0451,3,4
2025,NO,Chris Olave,WR,carries,Audric Estimé,RB,0.2653,0.8077,0.5424,4,1
2025,NO,Chris Olave,WR,targets,Kevin Austin Jr.,WR,0.1087,0.2647,0.156,4,1
2025,NO,Chris Olave,WR,targets,Dante Pettis,WR,0.0642,0.1471,0.0828,3,1
2025,NO,Chris Olave,WR,targets,Audric Estimé,RB,0.073,0.1471,0.0741,3,1
2025,NO,Chris Olave,WR,targets,Taysom Hill,QB,0.0632,0.0882,0.025,6,1
2025,NO,Kendre Miller,RB,carries,Devin Neal,RB,0.0749,0.3345,0.2596,2,6
2025,NO,Kendre Miller,RB,carries,Taysom Hill,QB,0.1227,0.1982,0.0756,3,9
2025,NO,Kendre Miller,RB,carries,Spencer Rattler,QB,0.1505,0.2,0.0495,7,1
2025,NO,Kendre Miller,RB,targets,Kevin Austin Jr.,WR,0.0244,0.1688,0.1444,1,4
2025,NO,Kendre Miller,RB,targets,Devaughn Vele,WR,0.0476,0.1798,0.1322,3,6
2025,NO,Kendre Miller,RB,targets,Rashid Shaheed,WR,0.1993,0.3075,0.1082,7,2
2025,NO,Kendre Miller,RB,targets,Mason Tipton,WR,0.0323,0.0796,0.0474,1,5
2025,NO,Kendre Miller,RB,targets,Brandin Cooks,WR,0.0773,0.1025,0.0252,7,2
2025,NO,Audric Estimé,RB,carries,Taysom Hill,QB,0.168,0.3571,0.1891,6,1
2025,NO,Audric Estimé,RB,carries,Tyler Shough,QB,0.1528,0.25,0.0972,7,1
2025,NO,Audric Estimé,RB,targets,Devin Neal,RB,0.0708,0.1628,0.092,4,1
2025,NO,Spencer Rattler,QB,carries,Audric Estimé,RB,0.2653,0.8077,0.5424,4,1
2025,NO,Spencer Rattler,QB,targets,Kevin Austin Jr.,WR,0.1087,0.2647,0.156,4,1
2025,NO,Spencer Rattler,QB,targets,Dante Pettis,WR,0.0642,0.1471,0.0828,3,1
2025,NO,Spencer Rattler,QB,targets,Audric Estimé,RB,0.073,0.1471,0.0741,3,1
2025,NO,Spencer Rattler,QB,targets,Taysom Hill,QB,0.0632,0.0882,0.025,6,1
2025,NO,Devaughn Vele,WR,carries,Audric Estimé,RB,0.1125,0.548,0.4355,2,3
2025,NO,Devaughn Vele,WR,carries,Alvin Kamara,RB,0.4569,0.6667,0.2098,10,1
2025,NO,Devaughn Vele,WR,carries,Taysom Hill,QB,0.1536,0.3082,0.1546,10,2
2025,NO,Devaughn Vele,WR,carries,Kendre Miller,RB,0.2433,0.2593,0.016,6,1
2025,NO,Devaughn Vele,WR,targets,Chris Olave,WR,0.2749,0.3631,0.0882,13,3
2025,NO,Devaughn Vele,WR,targets,Dante Pettis,WR,0.0233,0.1055,0.0822,1,3
2025,NO,Devaughn Vele,WR,targets,Taysom Hill,QB,0.0503,0.1079,0.0576,5,2
2025,NO,Devaughn Vele,WR,targets,Brandin Cooks,WR,0.078,0.122,0.0439,8,1
2025,NO,Devaughn Vele,WR,targets,Mason Tipton,WR,0.0648,0.1064,0.0416,5,1
2025,NO,Devin Neal,RB,carries,Audric Estimé,RB,0.1125,0.548,0.4355,2,3
2025,NO,Devin Neal,RB,carries,Taysom Hill,QB,0.1477,0.2744,0.1268,9,3
2025,NO,Devin Neal,RB,carries,Kendre Miller,RB,0.2001,0.3061,0.106,4,3
2025,NO,Devin Neal,RB,targets,Dante Pettis,WR,0.0233,0.1055,0.0822,1,3
2025,NO,Devin Neal,RB,targets,Chris Olave,WR,0.2708,0.3368,0.066,11,5
2025,NO,Devin Neal,RB,targets,Taysom Hill,QB,0.0503,0.1079,0.0576,5,2
2025,NO,Devin Neal,RB,targets,Alvin Kamara,RB,0.1052,0.1474,0.0423,8,3
2025,NO,Devin Neal,RB,targets,Mason Tipton,WR,0.0648,0.1064,0.0416,5,1
2025,NYG,Russell Wilson,QB,carries,Tyrone Tracy Jr.,RB,0.3569,0.4967,0.1398,10,5
2025,NYG,Russell Wilson,QB,carries,Devin Singletary,RB,0.1992,0.3101,0.1109,12,5
2025,NYG,Russell Wilson,QB,targets,Wan'Dale Robinson,WR,0.2755,0.3855,0.11,12,4
2025,NYG,Russell Wilson,QB,targets,Gunner Olszewski,WR,0.0469,0.1536,0.1067,2,2
2025,NYG,Russell Wilson,QB,targets,Darius Slayton,WR,0.1359,0.1996,0.0637,9,5
2025,NYG,Russell Wilson,QB,targets,Devin Singletary,RB,0.0521,0.0907,0.0386,6,4
2025,NYG,Russell Wilson,QB,targets,Daniel Bellinger,TE,0.0596,0.0917,0.0322,9,3
2025,NYG,Darius Slayton,WR,carries,Cam Skattebo,RB,0.3755,0.5139,0.1384,6,2
2025,NYG,Darius Slayton,WR,carries,Jaxson Dart,QB,0.1904,0.217,0.0266,12,2
2025,NYG,Darius Slayton,WR,targets,Isaiah Hodgins,WR,0.0803,0.2069,0.1266,5,1
2025,NYG,Darius Slayton,WR,targets,Jalin Hyatt,WR,0.0524,0.1199,0.0675,2,3
2025,NYG,Darius Slayton,WR,targets,Wan'Dale Robinson,WR,0.2989,0.3206,0.0217,13,3
2025,NYG,Darius Slayton,WR,targets,Tyrone Tracy Jr.,RB,0.1225,0.1379,0.0155,12,1
2025,NYG,Darius Slayton,WR,targets,Daniel Bellinger,TE,0.0659,0.0761,0.0102,10,2
2025,NYG,Gunner Olszewski,WR,carries,Jaxson Dart,QB,0.1853,0.3103,0.125,13,1
2025,NYG,Gunner Olszewski,WR,carries,Tyrone Tracy Jr.,RB,0.3954,0.5172,0.1219,14,1
2025,NYG,Gunner Olszewski,WR,targets,Darius Slayton,WR,0.1495,0.2778,0.1283,13,1
2025,NYG,Gunner Olszewski,WR,targets,Daniel Bellinger,TE,0.0636,0.1111,0.0475,11,1
2025,NYG,Wan'Dale Robinson,WR,carries,Tyrone Tracy Jr.,RB,0.3921,0.5625,0.1704,14,1
2025,NYG,Wan'Dale Robinson,WR,carries,Devin Singletary,RB,0.2287,0.2812,0.0525,16,1
2025,NYG,Wan'Dale Robinson,WR,targets,Gunner Olszewski,WR,0.0427,0.2727,0.23,3,1
2025,NYG,Wan'Dale Robinson,WR,targets,Tyrone Tracy Jr.,RB,0.1112,0.2727,0.1615,12,1
2025,NYG,Wan'Dale Robinson,WR,targets,Darius Slayton,WR,0.1476,0.303,0.1555,13,1
2025,NYG,Jalin Hyatt,WR,carries,Tyrone Tracy Jr.,RB,0.3586,0.4932,0.1346,10,5
2025,NYG,Jalin Hyatt,WR,carries,Devin Singletary,RB,0.2052,0.2956,0.0904,12,5
2025,NYG,Jalin Hyatt,WR,targets,Gunner Olszewski,WR,0.0469,0.1536,0.1067,2,2
2025,NYG,Jalin Hyatt,WR,targets,Wan'Dale Robinson,WR,0.2835,0.3615,0.078,12,4
2025,NYG,Jalin Hyatt,WR,targets,Theo Johnson,TE,0.159,0.2186,0.0595,12,3
2025,NYG,Jalin Hyatt,WR,targets,Darius Slayton,WR,0.1415,0.1895,0.048,9,5
2025,NYG,Jalin Hyatt,WR,targets,Devin Singletary,RB,0.0491,0.0951,0.0459,6,4
2025,NYG,Malik Nabers,WR,carries,Devin Singletary,RB,0.1222,0.2655,0.1433,4,13
2025,NYG,Malik Nabers,WR,carries,Tyrone Tracy Jr.,RB,0.3107,0.4267,0.116,3,12
2025,NYG,Malik Nabers,WR,carries,Jaxson Dart,QB,0.1057,0.2184,0.1126,3,11
2025,NYG,Malik Nabers,WR,carries,Cam Skattebo,RB,0.3964,0.4238,0.0273,4,4
2025,NYG,Malik Nabers,WR,targets,Wan'Dale Robinson,WR,0.2208,0.3304,0.1095,4,12
2025,NYG,Malik Nabers,WR,targets,Darius Slayton,WR,0.1099,0.1782,0.0683,4,10
2025,NYG,Malik Nabers,WR,targets,Theo Johnson,TE,0.1339,0.1844,0.0506,4,11
2025,NYG,Malik Nabers,WR,targets,Devin Singletary,RB,0.025,0.0722,0.0472,1,9
2025,NYG,Malik Nabers,WR,targets,Daniel Bellinger,TE,0.0382,0.0774,0.0392,3,9
2025,NYG,Tyrone Tracy Jr.,RB,carries,Cam Skattebo,RB,0.3598,0.5609,0.2011,6,2
2025,NYG,Tyrone Tracy Jr.,RB,carries,Jaxson Dart,QB,0.1871,0.237,0.0499,12,2
2025,NYG,Tyrone Tracy Jr.,RB,targets,Theo Johnson,TE,0.1642,0.2147,0.0506,13,2
2025,NYG,Tyrone Tracy Jr.,RB,targets,Darius Slayton,WR,0.1556,0.1769,0.0213,12,2
2025,NYG,Tyrone Tracy Jr.,RB,targets,Beaux Collins,WR,0.0602,0.0769,0.0168,2,1
2025,NYG,Tyrone Tracy Jr.,RB,targets,Cam Skattebo,RB,0.1247,0.1397,0.015,6,2
2025,NYG,Tyrone Tracy Jr.,RB,targets,Daniel Bellinger,TE,0.0659,0.0763,0.0104,10,2
2025,NYG,Theo Johnson,TE,carries,Tyrone Tracy Jr.,RB,0.3838,0.5312,0.1474,13,2
2025,NYG,Theo Johnson,TE,carries,Devin Singletary,RB,0.2249,0.2835,0.0586,15,2
2025,NYG,Theo Johnson,TE,targets,Wan'Dale Robinson,WR,0.291,0.4828,0.1917,15,1
2025,NYG,Theo Johnson,TE,targets,Gunner Olszewski,WR,0.0469,0.1536,0.1067,2,2
2025,NYG,Theo Johnson,TE,targets,Devin Singletary,RB,0.0597,0.1379,0.0782,9,1
2025,NYG,Theo Johnson,TE,targets,Tyrone Tracy Jr.,RB,0.1151,0.1708,0.0558,11,2
2025,NYG,Theo Johnson,TE,targets,Darius Slayton,WR,0.1512,0.2032,0.052,12,2
2025,NYG,Jaxson Dart,QB,carries,Devin Singletary,RB,0.2093,0.4004,0.1911,15,2
2025,NYG,Jaxson Dart,QB,carries,Tyrone Tracy Jr.,RB,0.3856,0.5199,0.1343,13,2
2025,NYG,Jaxson Dart,QB,targets,Isaiah Hodgins,WR,0.0563,0.1917,0.1354,4,2
2025,NYG,Jaxson Dart,QB,targets,Wan'Dale Robinson,WR,0.2947,0.3611,0.0664,14,2
2025,NYG,Jaxson Dart,QB,targets,Jalin Hyatt,WR,0.0816,0.1379,0.0563,4,1
2025,NYG,Cam Skattebo,RB,carries,Devin Singletary,RB,0.1177,0.3332,0.2155,8,9
2025,NYG,Cam Skattebo,RB,carries,Tyrone Tracy Jr.,RB,0.3041,0.4698,0.1657,6,9
2025,NYG,Cam Skattebo,RB,carries,Jaxson Dart,QB,0.1775,0.2109,0.0334,7,7
2025,NYG,Cam Skattebo,RB,targets,Wan'Dale Robinson,WR,0.237,0.369,0.1319,8,8
2025,NYG,Cam Skattebo,RB,targets,Devin Singletary,RB,0.0406,0.0791,0.0385,3,7
2025,NYG,Cam Skattebo,RB,targets,Darius Slayton,WR,0.1368,0.1751,0.0383,6,8
2025,NYG,Cam Skattebo,RB,targets,Theo Johnson,TE,0.1571,0.1868,0.0297,8,7
2025,NYJ,Tyrod Taylor,QB,carries,Isaiah Davis,RB,0.0955,0.1925,0.097,10,3
2025,NYJ,Tyrod Taylor,QB,carries,Brady Cook,QB,0.0544,0.1298,0.0754,2,3
2025,NYJ,Tyrod Taylor,QB,carries,Justin Fields,QB,0.26,0.2973,0.0373,8,1
2025,NYJ,Tyrod Taylor,QB,targets,Isaiah Williams,WR,0.0977,0.2021,0.1044,5,4
2025,NYJ,Tyrod Taylor,QB,targets,Mason Taylor,TE,0.1648,0.2581,0.0933,12,1
2025,NYJ,Tyrod Taylor,QB,targets,Tyler Johnson,WR,0.072,0.0963,0.0243,7,2
2025,NYJ,Josh Reynolds,WR,carries,Tyrod Taylor,QB,0.15,0.2282,0.0782,1,4
2025,NYJ,Josh Reynolds,WR,carries,Isaiah Davis,RB,0.0731,0.1459,0.0728,5,8
2025,NYJ,Josh Reynolds,WR,carries,Braelon Allen,RB,0.1565,0.184,0.0275,2,2
2025,NYJ,Josh Reynolds,WR,carries,Justin Fields,QB,0.2575,0.2724,0.0149,5,4
2025,NYJ,Josh Reynolds,WR,targets,Jeremy Ruckert,TE,0.0618,0.0851,0.0233,4,9
2025,NYJ,Josh Reynolds,WR,targets,Mason Taylor,TE,0.1622,0.1781,0.0159,5,8
2025,NYJ,Kene Nwangwu,RB,carries,Tyrod Taylor,QB,0.2005,0.2305,0.03,3,2
2025,NYJ,Kene Nwangwu,RB,carries,Justin Fields,QB,0.256,0.2742,0.0183,5,4
2025,NYJ,Kene Nwangwu,RB,targets,Mason Taylor,TE,0.1461,0.2133,0.0672,8,5
2025,NYJ,Kene Nwangwu,RB,targets,Isaiah Davis,RB,0.0667,0.1244,0.0577,8,4
2025,NYJ,Kene Nwangwu,RB,targets,Breece Hall,RB,0.0935,0.1484,0.0549,10,5
2025,NYJ,Kene Nwangwu,RB,targets,Tyler Johnson,WR,0.067,0.0982,0.0312,6,3
2025,NYJ,Khalil Herbert,RB,carries,Tyrod Taylor,QB,0.15,0.2258,0.0758,1,2
2025,NYJ,Khalil Herbert,RB,carries,Breece Hall,RB,0.6002,0.6412,0.041,7,5
2025,NYJ,Khalil Herbert,RB,targets,Garrett Wilson,WR,0.2174,0.3864,0.169,1,2
2025,NYJ,Khalil Herbert,RB,targets,Adonai Mitchell,WR,0.2114,0.2924,0.081,5,3
2025,NYJ,Khalil Herbert,RB,targets,Jeremy Ruckert,TE,0.07,0.1159,0.046,7,3
2025,NYJ,Khalil Herbert,RB,targets,John Metchie III,WR,0.1642,0.1809,0.0167,5,4
2025,NYJ,Khalil Herbert,RB,targets,Breece Hall,RB,0.0826,0.0951,0.0126,7,4
2025,NYJ,Justin Fields,QB,carries,Braelon Allen,RB,0.1361,0.2727,0.1367,3,1
2025,NYJ,Justin Fields,QB,carries,Tyrod Taylor,QB,0.1861,0.3182,0.1321,4,1
2025,NYJ,Justin Fields,QB,carries,Isaiah Davis,RB,0.0974,0.164,0.0666,9,4
2025,NYJ,Justin Fields,QB,targets,Isaiah Williams,WR,0.1015,0.1781,0.0766,4,5
2025,NYJ,Justin Fields,QB,targets,Mason Taylor,TE,0.1649,0.2107,0.0458,11,2
2025,NYJ,Justin Fields,QB,targets,Garrett Wilson,WR,0.3537,0.3714,0.0178,6,1
2025,NYJ,Stone Smartt,TE,carries,Justin Fields,QB,0.2563,0.2915,0.0352,7,2
2025,NYJ,Stone Smartt,TE,targets,Mason Taylor,TE,0.1541,0.2703,0.1162,11,2
2025,NYJ,Stone Smartt,TE,targets,Tyler Johnson,WR,0.0669,0.1613,0.0944,8,1
2025,NYJ,Stone Smartt,TE,targets,Isaiah Davis,RB,0.075,0.1403,0.0652,10,2
2025,NYJ,Garrett Wilson,WR,carries,Isaiah Davis,RB,0.0725,0.1463,0.0738,5,8
2025,NYJ,Garrett Wilson,WR,carries,Justin Fields,QB,0.2478,0.2967,0.0489,6,3
2025,NYJ,Garrett Wilson,WR,carries,Breece Hall,RB,0.5567,0.5949,0.0382,7,9
2025,NYJ,Garrett Wilson,WR,targets,Josh Reynolds,WR,0.1267,0.2903,0.1637,4,1
2025,NYJ,Garrett Wilson,WR,targets,John Metchie III,WR,0.0909,0.1817,0.0908,1,8
2025,NYJ,Garrett Wilson,WR,targets,Isaiah Williams,WR,0.0909,0.1507,0.0598,1,8
2025,NYJ,Garrett Wilson,WR,targets,Mason Taylor,TE,0.1569,0.1896,0.0327,7,6
2025,NYJ,Garrett Wilson,WR,targets,Jeremy Ruckert,TE,0.0707,0.0824,0.0118,5,8
2025,NYJ,Breece Hall,RB,carries,Khalil Herbert,RB,0.067,0.5217,0.4548,2,1
2025,NYJ,Breece Hall,RB,carries,Kene Nwangwu,RB,0.2143,0.3043,0.0901,1,1
2025,NYJ,Breece Hall,RB,carries,Brady Cook,QB,0.0919,0.1304,0.0385,4,1
2025,NYJ,Breece Hall,RB,targets,Isaiah Williams,WR,0.1241,0.3043,0.1803,8,1
2025,NYJ,Breece Hall,RB,targets,Khalil Herbert,RB,0.0312,0.087,0.0557,2,1
2025,NYJ,Breece Hall,RB,targets,Andrew Beck,RB,0.0396,0.087,0.0473,6,1
2025,NYJ,Breece Hall,RB,targets,Arian Smith,WR,0.0543,0.087,0.0326,9,1
2025,NYJ,Braelon Allen,RB,carries,Breece Hall,RB,0.4608,0.6173,0.1566,4,12
2025,NYJ,Braelon Allen,RB,carries,Isaiah Davis,RB,0.0767,0.1254,0.0487,2,11
2025,NYJ,Braelon Allen,RB,targets,Josh Reynolds,WR,0.1052,0.1955,0.0903,2,3
2025,NYJ,Braelon Allen,RB,targets,Mason Taylor,TE,0.1428,0.1849,0.0421,4,9
2025,NYJ,Braelon Allen,RB,targets,Jeremy Ruckert,TE,0.0585,0.0837,0.0252,3,10
2025,NYJ,Isaiah Davis,RB,carries,Khalil Herbert,RB,0.067,0.5217,0.4548,2,1
2025,NYJ,Isaiah Davis,RB,carries,Kene Nwangwu,RB,0.2143,0.3043,0.0901,1,1
2025,NYJ,Isaiah Davis,RB,carries,Brady Cook,QB,0.0919,0.1304,0.0385,4,1
2025,NYJ,Isaiah Davis,RB,targets,Isaiah Williams,WR,0.1241,0.3043,0.1803,8,1
2025,NYJ,Isaiah Davis,RB,targets,Khalil Herbert,RB,0.0312,0.087,0.0557,2,1
2025,NYJ,Isaiah Davis,RB,targets,Andrew Beck,RB,0.0396,0.087,0.0473,6,1
2025,NYJ,Isaiah Davis,RB,targets,Arian Smith,WR,0.0543,0.087,0.0326,9,1
2025,NYJ,Adonai Mitchell,WR,carries,Breece Hall,RB,0.6168,0.6774,0.0606,7,1
2025,NYJ,Adonai Mitchell,WR,targets,Tyler Johnson,WR,0.0303,0.0909,0.0606,2,1
2025,NYJ,Adonai Mitchell,WR,targets,Isaiah Davis,RB,0.0502,0.0909,0.0407,5,1
2025,NYJ,Adonai Mitchell,WR,targets,Breece Hall,RB,0.0808,0.0909,0.0101,7,1
2025,NYJ,Mason Taylor,TE,carries,Isaiah Davis,RB,0.0994,0.1795,0.08,10,3
2025,NYJ,Mason Taylor,TE,carries,Brady Cook,QB,0.0588,0.1098,0.051,1,4
2025,NYJ,Mason Taylor,TE,targets,Isaiah Williams,WR,0.1,0.1992,0.0993,5,4
2025,NYJ,Mason Taylor,TE,targets,Stone Smartt,TE,0.0312,0.1204,0.0892,1,2
2025,NYJ,Mason Taylor,TE,targets,Andrew Beck,RB,0.0413,0.0591,0.0178,5,2
2025,PHI,Dallas Goedert,TE,carries,Tank Bigsby,RB,0.1308,0.8421,0.7114,10,1
2025,PHI,Dallas Goedert,TE,carries,Tanner McKee,QB,0.0213,0.1053,0.084,1,1
2025,PHI,Dallas Goedert,TE,carries,Saquon Barkley,RB,0.6481,0.6875,0.0394,16,1
2025,PHI,Dallas Goedert,TE,carries,Jalen Hurts,QB,0.2081,0.2188,0.0106,16,1
2025,PHI,Dallas Goedert,TE,targets,A.J. Brown,WR,0.2733,0.381,0.1076,15,1
2025,PHI,Dallas Goedert,TE,targets,Darius Cooper,WR,0.0536,0.1471,0.0935,5,1
2025,PHI,Dallas Goedert,TE,targets,Jahan Dotson,WR,0.0761,0.1415,0.0653,13,2
2025,PHI,Dallas Goedert,TE,targets,Will Shipley,RB,0.0436,0.0882,0.0447,8,1
2025,PHI,Dallas Goedert,TE,targets,Grant Calcaterra,TE,0.0516,0.0917,0.0401,6,2
2025,PHI,A.J. Brown,WR,carries,Tank Bigsby,RB,0.185,0.3,0.115,10,1
2025,PHI,A.J. Brown,WR,carries,Will Shipley,RB,0.0872,0.1,0.0128,5,1
2025,PHI,A.J. Brown,WR,targets,DeVonta Smith,WR,0.2391,0.45,0.2109,17,1
2025,PHI,A.J. Brown,WR,targets,Saquon Barkley,RB,0.1253,0.25,0.1247,15,1
2025,PHI,A.J. Brown,WR,targets,Xavier Gipson,WR,0.0278,0.05,0.0222,1,1
2025,PHI,A.J. Brown,WR,targets,Jahan Dotson,WR,0.0838,0.1,0.0162,14,1
2025,PHI,AJ Dillon,RB,carries,Saquon Barkley,RB,0.5935,0.6902,0.0967,7,10
2025,PHI,AJ Dillon,RB,carries,Will Shipley,RB,0.0846,0.0988,0.0142,4,2
2025,PHI,AJ Dillon,RB,targets,DeVonta Smith,WR,0.2295,0.268,0.0385,8,10
2025,PHI,AJ Dillon,RB,targets,Tank Bigsby,RB,0.0294,0.0482,0.0188,1,3
2025,PHI,AJ Dillon,RB,targets,A.J. Brown,WR,0.271,0.2855,0.0145,6,10
2025,PIT,DK Metcalf,WR,carries,Connor Heyward,TE,0.062,0.1042,0.0422,6,2
2025,PIT,DK Metcalf,WR,carries,Jonnu Smith,TE,0.0502,0.0625,0.0123,4,2
2025,PIT,DK Metcalf,WR,targets,Marquez Valdes-Scantling,WR,0.0769,0.2012,0.1243,4,2
2025,PIT,DK Metcalf,WR,targets,Adam Thielen,WR,0.0593,0.1357,0.0765,4,2
2025,PIT,DK Metcalf,WR,targets,Scott Miller,WR,0.0516,0.1173,0.0658,3,2
2025,PIT,DK Metcalf,WR,targets,Calvin Austin III,WR,0.1327,0.1591,0.0264,14,1
2025,PIT,DK Metcalf,WR,targets,Pat Freiermuth,TE,0.1095,0.1244,0.0149,14,2
2025,PIT,Jaylen Warren,RB,carries,Kenneth Gainwell,RB,0.2685,0.7037,0.4352,16,1
2025,PIT,Jaylen Warren,RB,carries,Kaleb Johnson,RB,0.1105,0.2222,0.1117,9,1
2025,PIT,Jaylen Warren,RB,targets,Kenneth Gainwell,RB,0.158,0.2727,0.1148,17,1
2025,PIT,Jaylen Warren,RB,targets,Jonnu Smith,TE,0.1052,0.1364,0.0312,17,1
2025,PIT,Jaylen Warren,RB,targets,Darnell Washington,TE,0.1125,0.1364,0.0239,12,1
2025,PIT,Jaylen Warren,RB,targets,Kaleb Johnson,RB,0.0286,0.0455,0.0169,1,1
2025,PIT,Jaylen Warren,RB,targets,Ben Skowronek,WR,0.0346,0.0455,0.0109,5,1
2025,PIT,Calvin Austin III,WR,carries,Kaleb Johnson,RB,0.1085,0.24,0.1315,9,1
2025,PIT,Calvin Austin III,WR,carries,Connor Heyward,TE,0.071,0.0833,0.0124,7,1
2025,PIT,Calvin Austin III,WR,carries,Jonnu Smith,TE,0.0506,0.0617,0.011,4,2
2025,PIT,Calvin Austin III,WR,targets,Marquez Valdes-Scantling,WR,0.0933,0.2432,0.1499,5,1
2025,PIT,Calvin Austin III,WR,targets,Adam Thielen,WR,0.0747,0.1351,0.0604,5,1
2025,PIT,Calvin Austin III,WR,targets,Jonnu Smith,TE,0.098,0.1516,0.0536,15,3
2025,PIT,Calvin Austin III,WR,targets,Scott Miller,WR,0.0566,0.1097,0.0531,3,2
2025,PIT,Calvin Austin III,WR,targets,Darnell Washington,TE,0.1108,0.126,0.0151,10,3
2025,PIT,Darnell Washington,TE,carries,Connor Heyward,TE,0.065,0.125,0.06,7,1
2025,PIT,Darnell Washington,TE,carries,Jaylen Warren,RB,0.5941,0.625,0.0309,15,2
2025,PIT,Darnell Washington,TE,targets,Marquez Valdes-Scantling,WR,0.0974,0.1602,0.0628,4,2
2025,PIT,Darnell Washington,TE,targets,Calvin Austin III,WR,0.128,0.1763,0.0483,13,2
2025,PIT,Darnell Washington,TE,targets,Kenneth Gainwell,RB,0.16,0.199,0.0391,16,2
2025,PIT,Darnell Washington,TE,targets,Adam Thielen,WR,0.0769,0.1004,0.0235,4,2
2025,PIT,Kaleb Johnson,RB,carries,Connor Heyward,TE,0.062,0.1042,0.0422,6,2
2025,PIT,Kaleb Johnson,RB,carries,Jonnu Smith,TE,0.0423,0.0664,0.0241,3,3
2025,PIT,Kaleb Johnson,RB,targets,Marquez Valdes-Scantling,WR,0.0337,0.1606,0.127,2,4
2025,PIT,Kaleb Johnson,RB,targets,Adam Thielen,WR,0.0337,0.1103,0.0766,2,4
2025,PIT,Kaleb Johnson,RB,targets,Scott Miller,WR,0.0379,0.1045,0.0667,2,3
2025,PIT,Kaleb Johnson,RB,targets,Kenneth Gainwell,RB,0.162,0.1726,0.0106,14,4
2025,SEA,Cooper Kupp,WR,targets,Tory Horton,WR,0.1132,0.1667,0.0534,6,1
2025,SEA,Cooper Kupp,WR,targets,Cody White,WR,0.0384,0.0833,0.0449,2,1
2025,SEA,Cooper Kupp,WR,targets,AJ Barner,TE,0.1392,0.1667,0.0275,17,1
2025,SEA,Cooper Kupp,WR,targets,Jaxon Smith-Njigba,WR,0.3543,0.375,0.0207,19,1
2025,SEA,Velus Jones Jr.,RB,carries,Kenneth Walker III,RB,0.5278,0.7308,0.203,5,1
2025,SEA,Velus Jones Jr.,RB,carries,George Holani,RB,0.0625,0.1154,0.0529,1,1
2025,SEA,Velus Jones Jr.,RB,targets,Jaxon Smith-Njigba,WR,0.2616,0.3529,0.0914,5,1
2025,SEA,Velus Jones Jr.,RB,targets,George Holani,RB,0.0278,0.1176,0.0899,1,1
2025,SEA,Zach Charbonnet,RB,carries,Kenneth Walker III,RB,0.458,0.6915,0.2335,17,3
2025,SEA,Zach Charbonnet,RB,carries,George Holani,RB,0.1176,0.1635,0.0458,3,3
2025,SEA,Zach Charbonnet,RB,carries,Sam Darnold,QB,0.0706,0.0889,0.0183,11,2
2025,SEA,Zach Charbonnet,RB,targets,Tory Horton,WR,0.1077,0.2,0.0923,6,1
2025,SEA,Zach Charbonnet,RB,targets,Cooper Kupp,WR,0.1714,0.2199,0.0485,16,3
2025,SEA,Zach Charbonnet,RB,targets,Dareke Young,WR,0.0339,0.05,0.0161,2,1
2025,SEA,Zach Charbonnet,RB,targets,Jake Bobo,WR,0.0462,0.0588,0.0126,3,1
2025,SEA,Zach Charbonnet,RB,targets,Rashid Shaheed,WR,0.1024,0.1136,0.0112,10,2
2025,SEA,George Holani,RB,carries,Sam Darnold,QB,0.0551,0.1028,0.0477,8,5
2025,SEA,George Holani,RB,carries,Drew Lock,QB,0.0244,0.0385,0.0141,1,1
2025,SEA,George Holani,RB,targets,Zach Charbonnet,RB,0.057,0.0965,0.0394,6,5
2025,SEA,George Holani,RB,targets,Kenneth Walker III,RB,0.0834,0.1162,0.0328,12,7
2025,SEA,George Holani,RB,targets,AJ Barner,TE,0.1323,0.1575,0.0252,12,6
2025,SEA,George Holani,RB,targets,Jake Bobo,WR,0.045,0.0625,0.0175,3,1
2025,SEA,George Holani,RB,targets,Eric Saubert,TE,0.05,0.0632,0.0132,1,4
2025,SEA,Nick Kallerup,TE,carries,Zach Charbonnet,RB,0.3443,0.4504,0.1061,10,7
2025,SEA,Nick Kallerup,TE,carries,George Holani,RB,0.1171,0.1875,0.0704,4,2
2025,SEA,Nick Kallerup,TE,carries,Jaxon Smith-Njigba,WR,0.0403,0.0857,0.0454,4,1
2025,SEA,Nick Kallerup,TE,carries,Kenneth Walker III,RB,0.474,0.5163,0.0424,11,9
2025,SEA,Nick Kallerup,TE,targets,Eric Saubert,TE,0.0458,0.0827,0.0368,3,2
2025,SEA,Nick Kallerup,TE,targets,Elijah Arroyo,TE,0.0624,0.0925,0.03,6,7
2025,SEA,Nick Kallerup,TE,targets,Jaxon Smith-Njigba,WR,0.3454,0.3675,0.0221,11,9
2025,SEA,Nick Kallerup,TE,targets,Cooper Kupp,WR,0.1735,0.1853,0.0118,10,9
2025,SEA,Nick Kallerup,TE,targets,Zach Charbonnet,RB,0.0696,0.0813,0.0117,6,5
2025,SEA,Tory Horton,WR,carries,Sam Darnold,QB,0.0453,0.0859,0.0406,4,9
2025,SEA,Tory Horton,WR,carries,Kenneth Walker III,RB,0.4772,0.5036,0.0265,8,12
2025,SEA,Tory Horton,WR,targets,Kenneth Walker III,RB,0.0653,0.1131,0.0477,7,12
2025,SEA,Tory Horton,WR,targets,AJ Barner,TE,0.1209,0.1566,0.0358,8,10
2025,SEA,Tory Horton,WR,targets,Zach Charbonnet,RB,0.0589,0.0883,0.0294,5,6
2025,SEA,Tory Horton,WR,targets,Jake Bobo,WR,0.0381,0.0607,0.0226,2,2
2025,SEA,Tory Horton,WR,targets,Eric Saubert,TE,0.05,0.0632,0.0132,1,4
2025,SF,Demarcus Robinson,WR,carries,Christian McCaffrey,RB,0.6605,0.7023,0.0418,16,3
2025,SF,Demarcus Robinson,WR,carries,Mac Jones,QB,0.1033,0.1304,0.0271,8,1
2025,SF,Demarcus Robinson,WR,carries,Ricky Pearsall,WR,0.0278,0.0435,0.0157,1,1
2025,SF,Demarcus Robinson,WR,targets,Ricky Pearsall,WR,0.1469,0.2178,0.0709,7,3
2025,SF,Demarcus Robinson,WR,targets,Christian McCaffrey,RB,0.2224,0.291,0.0686,16,3
2025,SF,Demarcus Robinson,WR,targets,Kendrick Bourne,WR,0.1031,0.1184,0.0154,13,2
2025,SF,George Kittle,TE,carries,Mac Jones,QB,0.0882,0.129,0.0408,5,4
2025,SF,George Kittle,TE,carries,Brock Purdy,QB,0.1253,0.1483,0.023,8,3
2025,SF,George Kittle,TE,carries,Ricky Pearsall,WR,0.0278,0.0435,0.0157,1,1
2025,SF,George Kittle,TE,targets,Jake Tonges,TE,0.07,0.1793,0.1093,4,7
2025,SF,George Kittle,TE,targets,Kendrick Bourne,WR,0.0822,0.1313,0.0491,8,7
2025,SF,George Kittle,TE,targets,Luke Farrell,TE,0.0387,0.0618,0.0231,7,4
2025,SF,George Kittle,TE,targets,Ricky Pearsall,WR,0.1572,0.1791,0.0219,5,5
2025,SF,Jauan Jennings,WR,carries,Christian McCaffrey,RB,0.6538,0.7807,0.1269,17,2
2025,SF,Jauan Jennings,WR,carries,Mac Jones,QB,0.1045,0.1212,0.0167,8,1
2025,SF,Jauan Jennings,WR,targets,Ricky Pearsall,WR,0.1547,0.2895,0.1348,9,1
2025,SF,Jauan Jennings,WR,targets,Kendrick Bourne,WR,0.0915,0.1935,0.102,13,2
2025,SF,Jauan Jennings,WR,targets,Demarcus Robinson,WR,0.0805,0.1458,0.0653,15,1
2025,SF,Jauan Jennings,WR,targets,Christian McCaffrey,RB,0.2264,0.2911,0.0647,17,2
2025,SF,Jauan Jennings,WR,targets,Jake Tonges,TE,0.1364,0.1541,0.0177,9,2
2025,SF,Brock Purdy,QB,carries,Mac Jones,QB,0.0341,0.127,0.0928,2,7
2025,SF,Brock Purdy,QB,carries,Christian McCaffrey,RB,0.6363,0.7095,0.0732,11,8
2025,SF,Brock Purdy,QB,carries,Ricky Pearsall,WR,0.0278,0.0435,0.0157,1,1
2025,SF,Brock Purdy,QB,targets,Ricky Pearsall,WR,0.1542,0.2237,0.0694,8,2
2025,SF,Brock Purdy,QB,targets,Kendrick Bourne,WR,0.0781,0.1287,0.0505,7,8
2025,SF,Brock Purdy,QB,targets,Jauan Jennings,WR,0.1835,0.2203,0.0369,11,6
2025,SF,Brock Purdy,QB,targets,Christian McCaffrey,RB,0.2197,0.2518,0.0321,11,8
2025,SF,Ricky Pearsall,WR,carries,Christian McCaffrey,RB,0.6361,0.7016,0.0656,10,9
2025,SF,Ricky Pearsall,WR,carries,Mac Jones,QB,0.0662,0.1264,0.0601,3,6
2025,SF,Ricky Pearsall,WR,carries,Brock Purdy,QB,0.1171,0.1703,0.0532,8,3
2025,SF,Ricky Pearsall,WR,targets,Demarcus Robinson,WR,0.0535,0.1088,0.0553,7,9
2025,SF,Ricky Pearsall,WR,targets,Marquez Valdes-Scantling,WR,0.0263,0.0718,0.0455,2,2
2025,SF,Ricky Pearsall,WR,targets,Kendrick Bourne,WR,0.085,0.1227,0.0376,7,8
2025,SF,Ricky Pearsall,WR,targets,Christian McCaffrey,RB,0.2228,0.2449,0.0221,10,9
2025,SF,Ricky Pearsall,WR,targets,Kyle Juszczyk,RB,0.0541,0.0699,0.0157,9,8
2025,SF,Jordan James,RB,carries,Brian Robinson,RB,0.1435,0.2329,0.0894,4,12
2025,SF,Jordan James,RB,carries,Mac Jones,QB,0.037,0.115,0.078,1,8
2025,SF,Jordan James,RB,carries,Christian McCaffrey,RB,0.6365,0.6781,0.0416,5,14
2025,SF,Jordan James,RB,targets,Jauan Jennings,WR,0.1621,0.2108,0.0487,5,12
2025,SF,Jordan James,RB,targets,Kendrick Bourne,WR,0.0732,0.1167,0.0435,4,11
2025,SF,Jordan James,RB,targets,Brian Robinson,RB,0.0325,0.049,0.0164,3,6
2025,SF,Jordan James,RB,targets,George Kittle,TE,0.1895,0.2043,0.0148,3,9
2025,SF,Jordan James,RB,targets,Ricky Pearsall,WR,0.1582,0.1706,0.0124,2,8
2025,TB,Mike Evans,WR,carries,Sean Tucker,RB,0.1106,0.2951,0.1845,6,8
2025,TB,Mike Evans,WR,carries,Rachaad White,RB,0.2473,0.3672,0.1199,8,9
2025,TB,Mike Evans,WR,carries,Tez Johnson,WR,0.0238,0.0621,0.0383,1,3
2025,TB,Mike Evans,WR,carries,Baker Mayfield,QB,0.1135,0.1252,0.0116,7,7
2025,TB,Mike Evans,WR,targets,Emeka Egbuka,WR,0.181,0.2843,0.1033,8,9
2025,TB,Mike Evans,WR,targets,Tez Johnson,WR,0.0579,0.1196,0.0617,7,8
2025,TB,Mike Evans,WR,targets,Kameron Johnson,WR,0.0196,0.0776,0.058,1,3
2025,TB,Mike Evans,WR,targets,Sean Tucker,RB,0.0212,0.0683,0.0472,2,4
2025,TB,Mike Evans,WR,targets,Rachaad White,RB,0.061,0.1006,0.0397,8,9
2025,TB,Sterling Shepard,WR,targets,Jalen McMillan,WR,0.0606,0.1233,0.0627,1,3
2025,TB,Sterling Shepard,WR,targets,Cade Otton,TE,0.1695,0.1933,0.0239,12,3
2025,TB,Sterling Shepard,WR,targets,Payne Durham,TE,0.0298,0.0455,0.0156,3,1
2025,TB,Chris Godwin Jr.,WR,carries,Rachaad White,RB,0.2155,0.4179,0.2024,9,8
2025,TB,Chris Godwin Jr.,WR,carries,Sean Tucker,RB,0.1668,0.2817,0.1149,8,6
2025,TB,Chris Godwin Jr.,WR,carries,Bucky Irving,RB,0.5961,0.6535,0.0575,7,3
2025,TB,Chris Godwin Jr.,WR,carries,Tez Johnson,WR,0.0437,0.0789,0.0352,3,1
2025,TB,Chris Godwin Jr.,WR,targets,Tez Johnson,WR,0.0643,0.1212,0.0569,8,7
2025,TB,Chris Godwin Jr.,WR,targets,Emeka Egbuka,WR,0.2142,0.2598,0.0455,9,8
2025,TB,Chris Godwin Jr.,WR,targets,Bucky Irving,RB,0.1051,0.146,0.0409,6,3
2025,TB,Chris Godwin Jr.,WR,targets,Sterling Shepard,WR,0.1056,0.1427,0.0371,5,8
2025,TB,Chris Godwin Jr.,WR,targets,Kameron Johnson,WR,0.0357,0.0723,0.0365,1,3
2025,TB,Cade Otton,TE,carries,Bucky Irving,RB,0.6006,0.7273,0.1266,9,1
2025,TB,Cade Otton,TE,targets,Mike Evans,WR,0.2244,0.3636,0.1392,7,1
2025,TB,Bucky Irving,RB,carries,Rachaad White,RB,0.1665,0.5168,0.3503,10,7
2025,TB,Bucky Irving,RB,carries,Sean Tucker,RB,0.1193,0.3127,0.1934,7,7
2025,TB,Bucky Irving,RB,carries,Tez Johnson,WR,0.0311,0.074,0.0428,2,2
2025,TB,Bucky Irving,RB,carries,Baker Mayfield,QB,0.115,0.1301,0.015,10,4
2025,TB,Bucky Irving,RB,targets,Tez Johnson,WR,0.0414,0.1472,0.1058,8,7
2025,TB,Bucky Irving,RB,targets,Cade Otton,TE,0.1392,0.2143,0.0751,8,7
2025,TB,Bucky Irving,RB,targets,Emeka Egbuka,WR,0.2098,0.2726,0.0628,10,7
2025,TB,Bucky Irving,RB,targets,Kameron Johnson,WR,0.0357,0.0723,0.0365,1,3
2025,TB,Bucky Irving,RB,targets,Sean Tucker,RB,0.0227,0.0586,0.0359,1,5
2025,TB,Jalen McMillan,WR,carries,Rachaad White,RB,0.1233,0.3684,0.2451,4,13
2025,TB,Jalen McMillan,WR,carries,Sean Tucker,RB,0.1318,0.2497,0.1179,4,10
2025,TB,Jalen McMillan,WR,carries,Tez Johnson,WR,0.0238,0.0621,0.0383,1,3
2025,TB,Jalen McMillan,WR,carries,Baker Mayfield,QB,0.1055,0.1249,0.0194,4,10
2025,TB,Jalen McMillan,WR,targets,Emeka Egbuka,WR,0.1355,0.2665,0.131,4,13
2025,TB,Jalen McMillan,WR,targets,Tez Johnson,WR,0.0403,0.1092,0.0689,4,11
2025,TB,Jalen McMillan,WR,targets,Sean Tucker,RB,0.0227,0.0586,0.0359,1,5
2025,TB,Jalen McMillan,WR,targets,Chris Godwin Jr.,WR,0.1623,0.1969,0.0347,4,5
2025,TB,Jalen McMillan,WR,targets,Rachaad White,RB,0.0617,0.0882,0.0265,4,13
2025,TB,Tez Johnson,WR,carries,Rachaad White,RB,0.3093,0.3333,0.024,16,1
2025,TB,Tez Johnson,WR,targets,Mike Evans,WR,0.2327,0.3056,0.0728,7,1
2025,TB,Tez Johnson,WR,targets,Bucky Irving,RB,0.1127,0.1667,0.054,8,1
2025,TB,Josh Williams,RB,targets,Chris Godwin Jr.,WR,0.1212,0.2142,0.093,1,6
2025,TB,Josh Williams,RB,targets,Kameron Johnson,WR,0.0233,0.0764,0.0532,1,3
2025,TB,Josh Williams,RB,targets,Sterling Shepard,WR,0.1093,0.1342,0.0249,3,10
2025,TEN,Calvin Ridley,WR,targets,Chimere Dike,WR,0.1043,0.1737,0.0694,6,10
2025,TEN,Calvin Ridley,WR,targets,Van Jefferson,WR,0.1017,0.1308,0.0291,5,9
2025,TEN,Calvin Ridley,WR,targets,Gunnar Helm,TE,0.0912,0.1184,0.0272,7,9
2025,TEN,Calvin Ridley,WR,targets,David Martin-Robinson,TE,0.0294,0.0532,0.0237,1,3
2025,TEN,Calvin Ridley,WR,targets,Tony Pollard,RB,0.0777,0.0935,0.0158,7,8
2025,TEN,Van Jefferson,WR,carries,Tony Pollard,RB,0.6466,0.7368,0.0903,16,1
2025,TEN,Van Jefferson,WR,targets,Elic Ayomanor,WR,0.1769,0.303,0.1262,15,1
2025,TEN,Van Jefferson,WR,targets,Tyjae Spears,RB,0.1259,0.2121,0.0862,11,1
2025,TEN,Van Jefferson,WR,targets,David Martin-Robinson,TE,0.0327,0.0909,0.0582,3,1
2025,TEN,Tyjae Spears,RB,carries,Tony Pollard,RB,0.614,0.775,0.1609,13,4
2025,TEN,Tyjae Spears,RB,carries,Cam Ward,QB,0.0993,0.1318,0.0325,11,3
2025,TEN,Tyjae Spears,RB,carries,Julius Chestnut,RB,0.0618,0.0793,0.0174,4,3
2025,TEN,Tyjae Spears,RB,carries,Chimere Dike,WR,0.0561,0.0668,0.0107,5,4
2025,TEN,Tyjae Spears,RB,targets,Calvin Ridley,WR,0.1092,0.2125,0.1033,3,4
2025,TEN,Tyjae Spears,RB,targets,Elic Ayomanor,WR,0.1693,0.2312,0.062,12,4
2025,TEN,Tyjae Spears,RB,targets,Tyler Lockett,WR,0.0863,0.1071,0.0208,3,4
2025,TEN,Tyjae Spears,RB,targets,Chig Okonkwo,TE,0.1451,0.1651,0.02,13,4
2025,TEN,Tyjae Spears,RB,targets,Julius Chestnut,RB,0.027,0.0435,0.0165,1,1
2025,TEN,Elic Ayomanor,WR,carries,Cam Ward,QB,0.0935,0.2727,0.1793,13,1
2025,TEN,Elic Ayomanor,WR,carries,Julius Chestnut,RB,0.0657,0.0909,0.0252,6,1
2025,TEN,Elic Ayomanor,WR,targets,Xavier Restrepo,WR,0.0286,0.1579,0.1293,1,1
2025,TEN,Elic Ayomanor,WR,targets,Gunnar Helm,TE,0.1013,0.1842,0.0829,15,1
2025,TEN,Elic Ayomanor,WR,targets,Tony Pollard,RB,0.0828,0.1316,0.0487,14,1
2025,TEN,Elic Ayomanor,WR,targets,Chimere Dike,WR,0.1452,0.1842,0.039,15,1
2025,TEN,Elic Ayomanor,WR,targets,James Proche,WR,0.0558,0.0789,0.0232,5,1
2025,TEN,Gunnar Helm,TE,carries,Tony Pollard,RB,0.6466,0.7368,0.0903,16,1
2025,TEN,Gunnar Helm,TE,targets,Elic Ayomanor,WR,0.1769,0.303,0.1262,15,1
2025,TEN,Gunnar Helm,TE,targets,Tyjae Spears,RB,0.1259,0.2121,0.0862,11,1
2025,TEN,Gunnar Helm,TE,targets,David Martin-Robinson,TE,0.0327,0.0909,0.0582,3,1
2025,WAS,Josh Johnson,QB,carries,Austin Ekeler,RB,0.2069,0.4211,0.2142,1,1
2025,WAS,Josh Johnson,QB,carries,Jacory Croskey-Merritt,RB,0.3686,0.3965,0.0279,11,6
2025,WAS,Josh Johnson,QB,targets,Jaylin Lane,WR,0.0661,0.1399,0.0738,8,5
2025,WAS,Josh Johnson,QB,targets,Deebo Samuel Sr.,WR,0.237,0.2935,0.0565,11,5
2025,WAS,Josh Johnson,QB,targets,Chris Moore,WR,0.0971,0.1377,0.0406,5,3
2025,WAS,Josh Johnson,QB,targets,John Bates,TE,0.0636,0.0995,0.0359,6,3
2025,WAS,Josh Johnson,QB,targets,Terry McLaurin,WR,0.224,0.2598,0.0358,8,2
2025,WAS,Zach Ertz,TE,carries,Chris Rodriguez Jr.,RB,0.2786,0.4885,0.2098,10,2
2025,WAS,Zach Ertz,TE,carries,Jacory Croskey-Merritt,RB,0.3526,0.4624,0.1098,13,4
2025,WAS,Zach Ertz,TE,carries,Marcus Mariota,QB,0.1734,0.2059,0.0325,8,1
2025,WAS,Zach Ertz,TE,carries,Deebo Samuel Sr.,WR,0.0586,0.0875,0.0289,8,2
2025,WAS,Zach Ertz,TE,targets,Treylon Burks,WR,0.0788,0.1702,0.0914,4,4
2025,WAS,Zach Ertz,TE,targets,Ben Sinnott,TE,0.0378,0.1146,0.0768,4,4
2025,WAS,Zach Ertz,TE,targets,Terry McLaurin,WR,0.2196,0.2485,0.0289,6,4
2025,WAS,Zach Ertz,TE,targets,Chris Rodriguez Jr.,RB,0.0281,0.0513,0.0232,2,2
2025,WAS,Marcus Mariota,QB,carries,Jacory Croskey-Merritt,RB,0.3614,0.5062,0.1448,15,2
2025,WAS,Marcus Mariota,QB,carries,Josh Johnson,QB,0.0385,0.1625,0.124,1,2
2025,WAS,Marcus Mariota,QB,carries,Chris Rodriguez Jr.,RB,0.3057,0.4,0.0943,11,1
2025,WAS,Marcus Mariota,QB,carries,Deebo Samuel Sr.,WR,0.0586,0.0875,0.0289,8,2
2025,WAS,Marcus Mariota,QB,targets,Ben Sinnott,TE,0.0523,0.1479,0.0956,6,2
2025,WAS,Marcus Mariota,QB,targets,Terry McLaurin,WR,0.2209,0.2719,0.051,8,2
2025,WAS,Marcus Mariota,QB,targets,Treylon Burks,WR,0.115,0.1529,0.0379,6,2
2025,WAS,Marcus Mariota,QB,targets,John Bates,TE,0.0718,0.1053,0.0334,8,1
2025,WAS,Marcus Mariota,QB,targets,Chris Rodriguez Jr.,RB,0.0354,0.0526,0.0172,3,1
2025,WAS,Noah Brown,WR,carries,Jacory Croskey-Merritt,RB,0.3473,0.3881,0.0408,4,13
2025,WAS,Noah Brown,WR,carries,Marcus Mariota,QB,0.1464,0.1858,0.0394,2,7
2025,WAS,Noah Brown,WR,carries,Deebo Samuel Sr.,WR,0.0345,0.0677,0.0332,1,9
2025,WAS,Noah Brown,WR,carries,Jayden Daniels,QB,0.2727,0.2873,0.0146,3,4
2025,WAS,Noah Brown,WR,targets,Chris Moore,WR,0.0345,0.1235,0.089,1,7
2025,WAS,Noah Brown,WR,targets,Zach Ertz,TE,0.1558,0.2052,0.0494,3,10
2025,WAS,Noah Brown,WR,targets,Treylon Burks,WR,0.0875,0.1368,0.0493,2,6
2025,WAS,Noah Brown,WR,targets,Ben Sinnott,TE,0.0456,0.0945,0.0489,3,5
2025,WAS,Noah Brown,WR,targets,Jeremy McNichols,RB,0.0562,0.1049,0.0486,2,11
2025,WAS,Terry McLaurin,WR,carries,Jacory Croskey-Merritt,RB,0.3534,0.4142,0.0608,10,7
2025,WAS,Terry McLaurin,WR,carries,Jayden Daniels,QB,0.2727,0.2873,0.0146,3,4
2025,WAS,Terry McLaurin,WR,targets,Chris Moore,WR,0.0644,0.1411,0.0767,3,5
2025,WAS,Terry McLaurin,WR,targets,Deebo Samuel Sr.,WR,0.2325,0.2915,0.059,10,6
2025,WAS,Terry McLaurin,WR,targets,Jaylin Lane,WR,0.0714,0.1143,0.0428,6,7
2025,WAS,Terry McLaurin,WR,targets,John Bates,TE,0.0589,0.0964,0.0374,5,4
2025,WAS,Terry McLaurin,WR,targets,Jacory Croskey-Merritt,RB,0.0369,0.0592,0.0223,4,6
2025,WAS,Deebo Samuel Sr.,WR,carries,Jacory Croskey-Merritt,RB,0.3731,0.4643,0.0912,16,1
2025,WAS,Deebo Samuel Sr.,WR,targets,Jaylin Lane,WR,0.0862,0.1935,0.1073,12,1
2025,WAS,Deebo Samuel Sr.,WR,targets,Chris Moore,WR,0.1053,0.1613,0.0559,7,1
2025,WAS,Deebo Samuel Sr.,WR,targets,Zach Ertz,TE,0.1912,0.2258,0.0346,12,1
2025,WAS,Deebo Samuel Sr.,WR,targets,Robbie Chosen,WR,0.1042,0.129,0.0248,2,1
2025,WAS,Deebo Samuel Sr.,WR,targets,Jacory Croskey-Merritt,RB,0.0487,0.0645,0.0158,9,1
2025,WAS,Treylon Burks,WR,carries,Chris Rodriguez Jr.,RB,0.3852,0.4545,0.0694,6,1
2025,WAS,Treylon Burks,WR,targets,Chris Moore,WR,0.0476,0.1724,0.1248,1,1
2025,WAS,Treylon Burks,WR,targets,Zach Ertz,TE,0.1976,0.2759,0.0782,4,1
2025,WAS,Treylon Burks,WR,targets,Deebo Samuel Sr.,WR,0.2456,0.2759,0.0303,8,1
2025,WAS,Chris Rodriguez Jr.,RB,carries,Austin Ekeler,RB,0.2069,0.4211,0.2142,1,1
2025,WAS,Chris Rodriguez Jr.,RB,carries,Jacory Croskey-Merritt,RB,0.3576,0.4758,0.1182,14,3
2025,WAS,Chris Rodriguez Jr.,RB,carries,Jayden Daniels,QB,0.2665,0.3684,0.1019,6,1
2025,WAS,Chris Rodriguez Jr.,RB,carries,Jeremy McNichols,RB,0.0924,0.1636,0.0712,13,2
2025,WAS,Chris Rodriguez Jr.,RB,carries,Deebo Samuel Sr.,WR,0.0576,0.125,0.0674,9,1
2025,WAS,Chris Rodriguez Jr.,RB,targets,Terry McLaurin,WR,0.2155,0.2676,0.0521,7,3
2025,WAS,Chris Rodriguez Jr.,RB,targets,Ben Sinnott,TE,0.0664,0.0925,0.026,5,3
2025,WAS,Luke McCaffrey,WR,carries,Chris Rodriguez Jr.,RB,0.2218,0.4054,0.1835,6,6
2025,WAS,Luke McCaffrey,WR,carries,Jeremy McNichols,RB,0.0757,0.1319,0.0562,8,7
2025,WAS,Luke McCaffrey,WR,targets,Terry McLaurin,WR,0.1782,0.2664,0.0881,4,6
2025,WAS,Luke McCaffrey,WR,targets,Treylon Burks,WR,0.0476,0.1355,0.0878,1,7
2025,WAS,Luke McCaffrey,WR,targets,Ben Sinnott,TE,0.0289,0.092,0.0631,2,6
2025,WAS,Luke McCaffrey,WR,targets,Zach Ertz,TE,0.1827,0.219,0.0363,9,4
2025,WAS,Jayden Daniels,QB,carries,Marcus Mariota,QB,0.0792,0.205,0.1258,2,7
2025,WAS,Jayden Daniels,QB,carries,Chris Rodriguez Jr.,RB,0.2635,0.3387,0.0752,4,8
2025,WAS,Jayden Daniels,QB,carries,Jeremy McNichols,RB,0.0679,0.1189,0.051,5,10
2025,WAS,Jayden Daniels,QB,carries,Deebo Samuel Sr.,WR,0.0319,0.0783,0.0464,3,7
2025,WAS,Jayden Daniels,QB,targets,Treylon Burks,WR,0.0488,0.1497,0.1009,2,6
2025,WAS,Jayden Daniels,QB,targets,Luke McCaffrey,WR,0.0605,0.1289,0.0684,4,3
2025,WAS,Jayden Daniels,QB,targets,Zach Ertz,TE,0.1682,0.2238,0.0556,7,6
2025,WAS,Jayden Daniels,QB,targets,Ben Sinnott,TE,0.0372,0.0892,0.052,2,6
2025,WAS,Jayden Daniels,QB,targets,Terry McLaurin,WR,0.2191,0.2363,0.0171,3,7
2025,WAS,Jaylin Lane,WR,carries,Jacory Croskey-Merritt,RB,0.3614,0.5062,0.1448,15,2
2025,WAS,Jaylin Lane,WR,carries,Josh Johnson,QB,0.0385,0.1625,0.124,1,2
2025,WAS,Jaylin Lane,WR,carries,Chris Rodriguez Jr.,RB,0.3057,0.4,0.0943,11,1
2025,WAS,Jaylin Lane,WR,carries,Deebo Samuel Sr.,WR,0.0586,0.0875,0.0289,8,2
2025,WAS,Jaylin Lane,WR,targets,Ben Sinnott,TE,0.0523,0.1479,0.0956,6,2
2025,WAS,Jaylin Lane,WR,targets,Terry McLaurin,WR,0.2209,0.2719,0.051,8,2
2025,WAS,Jaylin Lane,WR,targets,Treylon Burks,WR,0.115,0.1529,0.0379,6,2
2025,WAS,Jaylin Lane,WR,targets,John Bates,TE,0.0718,0.1053,0.0334,8,1
2025,WAS,Jaylin Lane,WR,targets,Chris Rodriguez Jr.,RB,0.0354,0.0526,0.0172,3,1
